customer_id,customer_name,email,city,state,gender,signup_date
1,Vivaan Ansari,customer0001@example.com,Kanpur,Uttar Pradesh,Female,2023-11-17
2,Vivaan Malik,customer0002@example.com,Chennai,Tamil Nadu,Other,2023-03-10
3,Isha Ansari,customer0003@example.com,Rampur,Uttar Pradesh,Male,2024-07-27
4,Simran Mishra,customer0004@example.com,Gurugram,Haryana,Female,2023-09-28
5,Riya Saxena,customer0005@example.com,Lucknow,Uttar Pradesh,Male,2024-08-23
6,Sahil Khan,customer0006@example.com,Mumbai,Maharashtra,Male,2024-02-09
7,Sneha Srivastava,customer0007@example.com,Kolkata,West Bengal,Female,2024-04-06
8,Isha Yadav,customer0008@example.com,Mumbai,Maharashtra,Female,2024-12-09
9,Neha Ansari,customer0009@example.com,Meerut,Uttar Pradesh,Male,2023-05-23
10,Sahil Sharma,customer0010@example.com,Gurugram,Haryana,Female,2023-04-23
11,Pooja Ansari,customer0011@example.com,Jaipur,Rajasthan,Male,2024-12-07
12,Pooja Yadav,customer0012@example.com,Mumbai,Maharashtra,Male,2023-12-09
13,Sahil Verma,customer0013@example.com,Kanpur,Uttar Pradesh,Male,2023-12-14
14,Aisha Malik,customer0014@example.com,Patna,Bihar,Female,2023-11-16
15,Priya Malik,customer0015@example.com,Mumbai,Maharashtra,Female,2023-08-17
16,Mohit Srivastava,customer0016@example.com,Indore,Madhya Pradesh,Male,2023-10-10
17,Kabir Malik,customer0017@example.com,Surat,Gujarat,Male,2023-04-13
18,Simran Sharma,customer0018@example.com,Meerut,Uttar Pradesh,Female,2024-07-28
19,Sahil Malik,customer0019@example.com,Kolkata,West Bengal,Male,2024-07-23
20,Ananya Agarwal,customer0020@example.com,Delhi,Delhi,Male,2023-04-13
21,Mohit Malik,customer0021@example.com,Kanpur,Uttar Pradesh,Female,2023-12-10
22,Vivaan Ansari,customer0022@example.com,Ahmedabad,Gujarat,Female,2024-04-08
23,Vivaan Agarwal,customer0023@example.com,Meerut,Uttar Pradesh,Male,2023-08-10
24,Rahul Mishra,customer0024@example.com,Chandigarh,Chandigarh,Male,2023-06-06
25,Meera Srivastava,customer0025@example.com,Delhi,Delhi,Male,2023-06-20
26,Sneha Singh,customer0026@example.com,Patna,Bihar,Female,2023-08-03
27,Aditya Agarwal,customer0027@example.com,Gurugram,Haryana,Female,2024-07-26
28,Mohit Mishra,customer0028@example.com,Lucknow,Uttar Pradesh,Male,2024-08-17
29,Rahul Sharma,customer0029@example.com,Bengaluru,Karnataka,Female,2023-03-07
30,Neha Mishra,customer0030@example.com,Rampur,Uttar Pradesh,Female,2023-04-28
31,Pooja Gupta,customer0031@example.com,Noida,Uttar Pradesh,Male,2024-05-23
32,Arjun Yadav,customer0032@example.com,Chennai,Tamil Nadu,Female,2023-08-09
33,Priya Yadav,customer0033@example.com,Chandigarh,Chandigarh,Male,2023-03-05
34,Rahul Tiwari,customer0034@example.com,Jaipur,Rajasthan,Female,2024-10-25
35,Sahil Khan,customer0035@example.com,Meerut,Uttar Pradesh,Female,2024-12-08
36,Rohan Malik,customer0036@example.com,Meerut,Uttar Pradesh,Male,2023-11-25
37,Vivaan Verma,customer0037@example.com,Lucknow,Uttar Pradesh,Male,2024-10-20
38,Isha Khan,customer0038@example.com,Rampur,Uttar Pradesh,Female,2023-08-12
39,Ananya Gupta,customer0039@example.com,Noida,Uttar Pradesh,Female,2024-09-17
40,Sahil Malik,customer0040@example.com,Kanpur,Uttar Pradesh,Female,2023-11-12
41,Aditya Agarwal,customer0041@example.com,Mumbai,Maharashtra,Male,2024-04-19
42,Riya Mishra,customer0042@example.com,Meerut,Uttar Pradesh,Female,2023-01-31
43,Arjun Singh,customer0043@example.com,Kanpur,Uttar Pradesh,Male,2023-04-16
44,Arjun Agarwal,customer0044@example.com,Meerut,Uttar Pradesh,Female,2023-05-05
45,Meera Agarwal,customer0045@example.com,Lucknow,Uttar Pradesh,Female,2023-09-11
46,Rohan Sharma,customer0046@example.com,Hyderabad,Telangana,Female,2024-11-30
47,Sahil Ansari,customer0047@example.com,Mumbai,Maharashtra,Female,2023-03-02
48,Neha Jain,customer0048@example.com,Lucknow,Uttar Pradesh,Female,2024-11-15
49,Ananya Jain,customer0049@example.com,Indore,Madhya Pradesh,Male,2023-07-14
50,Ananya Jain,customer0050@example.com,Indore,Madhya Pradesh,Male,2023-11-17
51,Kunal Srivastava,customer0051@example.com,Delhi,Delhi,Male,2024-10-16
52,Rahul Agarwal,customer0052@example.com,Pune,Maharashtra,Female,2023-03-21
53,Aditya Singh,customer0053@example.com,Chennai,Tamil Nadu,Female,2024-04-26
54,Pooja Ansari,customer0054@example.com,Pune,Maharashtra,Female,2023-03-20
55,Meera Khan,customer0055@example.com,Chennai,Tamil Nadu,Female,2023-01-28
56,Ananya Yadav,customer0056@example.com,Pune,Maharashtra,Female,2024-08-28
57,Meera Singh,customer0057@example.com,Chennai,Tamil Nadu,Male,2024-11-26
58,Priya Jain,customer0058@example.com,Patna,Bihar,Female,2023-07-06
59,Arjun Gupta,customer0059@example.com,Gurugram,Haryana,Male,2023-02-02
60,Meera Tiwari,customer0060@example.com,Hyderabad,Telangana,Female,2024-10-12
61,Simran Chaudhary,customer0061@example.com,Chennai,Tamil Nadu,Female,2024-10-14
62,Sahil Singh,customer0062@example.com,Delhi,Delhi,Female,2024-07-17
63,Mohit Yadav,customer0063@example.com,Bhopal,Madhya Pradesh,Female,2023-03-10
64,Kunal Khan,customer0064@example.com,Delhi,Delhi,Male,2024-11-14
65,Aarav Verma,customer0065@example.com,Mumbai,Maharashtra,Male,2024-08-29
66,Isha Gupta,customer0066@example.com,Jaipur,Rajasthan,Female,2024-03-13
67,Aarav Gupta,customer0067@example.com,Kolkata,West Bengal,Female,2023-08-15
68,Rahul Tiwari,customer0068@example.com,Noida,Uttar Pradesh,Male,2024-01-01
69,Pooja Sharma,customer0069@example.com,Hyderabad,Telangana,Male,2023-06-17
70,Aarav Malik,customer0070@example.com,Chandigarh,Chandigarh,Female,2023-03-30
71,Pooja Malik,customer0071@example.com,Meerut,Uttar Pradesh,Male,2024-02-29
72,Sneha Srivastava,customer0072@example.com,Delhi,Delhi,Female,2024-06-06
73,Simran Verma,customer0073@example.com,Lucknow,Uttar Pradesh,Female,2023-04-01
74,Vivaan Yadav,customer0074@example.com,Chandigarh,Chandigarh,Female,2023-08-08
75,Ananya Saxena,customer0075@example.com,Pune,Maharashtra,Male,2024-11-28
76,Meera Chaudhary,customer0076@example.com,Noida,Uttar Pradesh,Female,2023-01-19
77,Aditya Saxena,customer0077@example.com,Indore,Madhya Pradesh,Male,2023-03-19
78,Isha Mishra,customer0078@example.com,Delhi,Delhi,Female,2024-12-06
79,Arjun Chaudhary,customer0079@example.com,Rampur,Uttar Pradesh,Male,2024-08-10
80,Priya Ansari,customer0080@example.com,Indore,Madhya Pradesh,Male,2023-01-14
81,Rohan Srivastava,customer0081@example.com,Kolkata,West Bengal,Male,2024-08-04
82,Rahul Jain,customer0082@example.com,Meerut,Uttar Pradesh,Female,2024-03-18
83,Riya Saxena,customer0083@example.com,Kolkata,West Bengal,Male,2023-10-29
84,Pooja Mishra,customer0084@example.com,Bengaluru,Karnataka,Female,2024-04-20
85,Rohan Mishra,customer0085@example.com,Gurugram,Haryana,Male,2023-06-30
86,Meera Ansari,customer0086@example.com,Indore,Madhya Pradesh,Male,2024-08-19
87,Sneha Sharma,customer0087@example.com,Noida,Uttar Pradesh,Male,2024-03-09
88,Arjun Srivastava,customer0088@example.com,Pune,Maharashtra,Male,2023-08-15
89,Pooja Chaudhary,customer0089@example.com,Ahmedabad,Gujarat,Male,2023-05-01
90,Aisha Gupta,customer0090@example.com,Noida,Uttar Pradesh,Male,2023-03-26
91,Isha Sharma,customer0091@example.com,Hyderabad,Telangana,Male,2023-05-08
92,Mohit Agarwal,customer0092@example.com,Gurugram,Haryana,Male,2024-05-11
93,Simran Singh,customer0093@example.com,Chandigarh,Chandigarh,Female,2024-01-04
94,Riya Srivastava,customer0094@example.com,Gurugram,Haryana,Male,2023-02-01
95,Sneha Khan,customer0095@example.com,Chennai,Tamil Nadu,Female,2023-07-02
96,Pooja Mishra,customer0096@example.com,Kolkata,West Bengal,Male,2023-02-05
97,Pooja Jain,customer0097@example.com,Bhopal,Madhya Pradesh,Female,2023-03-16
98,Aditya Sharma,customer0098@example.com,Lucknow,Uttar Pradesh,Male,2024-11-06
99,Simran Srivastava,customer0099@example.com,Indore,Madhya Pradesh,Other,2024-10-20
100,Rahul Srivastava,customer0100@example.com,Ahmedabad,Gujarat,Female,2024-07-23
101,Priya Ansari,customer0101@example.com,Rampur,Uttar Pradesh,Female,2023-04-09
102,Rahul Jain,customer0102@example.com,Chandigarh,Chandigarh,Male,2024-09-18
103,Riya Yadav,customer0103@example.com,Kanpur,Uttar Pradesh,Male,2024-04-11
104,Vivaan Gupta,customer0104@example.com,Lucknow,Uttar Pradesh,Male,2023-12-15
105,Priya Khan,customer0105@example.com,Pune,Maharashtra,Male,2023-09-26
106,Isha Singh,customer0106@example.com,Lucknow,Uttar Pradesh,Female,2023-10-05
107,Kabir Singh,customer0107@example.com,Meerut,Uttar Pradesh,Female,2024-11-23
108,Sneha Jain,customer0108@example.com,Meerut,Uttar Pradesh,Female,2023-08-28
109,Meera Srivastava,customer0109@example.com,Noida,Uttar Pradesh,Female,2024-04-21
110,Aisha Jain,customer0110@example.com,Meerut,Uttar Pradesh,Male,2024-04-07
111,Arjun Ansari,customer0111@example.com,Delhi,Delhi,Female,2023-05-28
112,Ananya Srivastava,customer0112@example.com,Patna,Bihar,Female,2023-04-07
113,Priya Verma,customer0113@example.com,Surat,Gujarat,Male,2024-06-13
114,Ananya Tiwari,customer0114@example.com,Rampur,Uttar Pradesh,Female,2023-04-11
115,Arjun Srivastava,customer0115@example.com,Lucknow,Uttar Pradesh,Female,2024-03-09
116,Meera Ansari,customer0116@example.com,Patna,Bihar,Male,2024-11-21
117,Isha Agarwal,customer0117@example.com,Mumbai,Maharashtra,Female,2023-03-11
118,Arjun Gupta,customer0118@example.com,Bengaluru,Karnataka,Female,2024-02-17
119,Sahil Mishra,customer0119@example.com,Kanpur,Uttar Pradesh,Female,2024-01-17
120,Pooja Ansari,customer0120@example.com,Gurugram,Haryana,Female,2023-12-26
121,Aditya Chaudhary,customer0121@example.com,Indore,Madhya Pradesh,Male,2023-03-29
122,Isha Verma,customer0122@example.com,Noida,Uttar Pradesh,Male,2024-04-25
123,Pooja Ansari,customer0123@example.com,Chennai,Tamil Nadu,Male,2024-05-04
124,Isha Chaudhary,customer0124@example.com,Indore,Madhya Pradesh,Male,2024-07-10
125,Riya Yadav,customer0125@example.com,Gurugram,Haryana,Male,2023-08-18
126,Meera Gupta,customer0126@example.com,Mumbai,Maharashtra,Male,2024-11-14
127,Isha Yadav,customer0127@example.com,Bengaluru,Karnataka,Female,2024-06-16
128,Pooja Tiwari,customer0128@example.com,Jaipur,Rajasthan,Male,2024-07-23
129,Aditya Yadav,customer0129@example.com,Kanpur,Uttar Pradesh,Female,2024-12-21
130,Simran Tiwari,customer0130@example.com,Lucknow,Uttar Pradesh,Female,2023-03-28
131,Sneha Saxena,customer0131@example.com,Bengaluru,Karnataka,Female,2023-03-31
132,Aarav Malik,customer0132@example.com,Gurugram,Haryana,Male,2023-01-09
133,Isha Srivastava,customer0133@example.com,Lucknow,Uttar Pradesh,Male,2023-08-04
134,Rahul Mishra,customer0134@example.com,Delhi,Delhi,Female,2023-08-09
135,Isha Ansari,customer0135@example.com,Gurugram,Haryana,Other,2023-03-22
136,Aarav Chaudhary,customer0136@example.com,Kanpur,Uttar Pradesh,Female,2023-07-27
137,Aarav Verma,customer0137@example.com,Kanpur,Uttar Pradesh,Female,2024-12-30
138,Aditya Saxena,customer0138@example.com,Surat,Gujarat,Female,2023-03-08
139,Sneha Sharma,customer0139@example.com,Chennai,Tamil Nadu,Male,2023-06-25
140,Sneha Ansari,customer0140@example.com,Indore,Madhya Pradesh,Female,2023-05-25
141,Rohan Saxena,customer0141@example.com,Patna,Bihar,Male,2023-01-27
142,Arjun Sharma,customer0142@example.com,Indore,Madhya Pradesh,Female,2024-03-18
143,Meera Khan,customer0143@example.com,Kolkata,West Bengal,Male,2024-09-12
144,Neha Srivastava,customer0144@example.com,Chandigarh,Chandigarh,Female,2024-11-08
145,Simran Malik,customer0145@example.com,Indore,Madhya Pradesh,Male,2024-09-03
146,Sahil Khan,customer0146@example.com,Bengaluru,Karnataka,Female,2023-04-02
147,Ananya Ansari,customer0147@example.com,Gurugram,Haryana,Female,2024-04-04
148,Mohit Gupta,customer0148@example.com,Indore,Madhya Pradesh,Male,2024-06-20
149,Aarav Singh,customer0149@example.com,Mumbai,Maharashtra,Other,2024-06-02
150,Isha Saxena,customer0150@example.com,Gurugram,Haryana,Female,2023-02-09
151,Aarav Sharma,customer0151@example.com,Chennai,Tamil Nadu,Female,2024-10-07
152,Mohit Gupta,customer0152@example.com,Jaipur,Rajasthan,Male,2023-03-08
153,Kunal Tiwari,customer0153@example.com,Ahmedabad,Gujarat,Female,2023-12-01
154,Rohan Saxena,customer0154@example.com,Bhopal,Madhya Pradesh,Male,2024-02-22
155,Kabir Tiwari,customer0155@example.com,Gurugram,Haryana,Female,2023-08-08
156,Ananya Malik,customer0156@example.com,Kolkata,West Bengal,Female,2024-04-18
157,Arjun Gupta,customer0157@example.com,Noida,Uttar Pradesh,Male,2024-01-07
158,Pooja Jain,customer0158@example.com,Bengaluru,Karnataka,Male,2023-03-29
159,Pooja Singh,customer0159@example.com,Mumbai,Maharashtra,Male,2023-08-11
160,Riya Saxena,customer0160@example.com,Lucknow,Uttar Pradesh,Male,2024-04-08
161,Arjun Mishra,customer0161@example.com,Indore,Madhya Pradesh,Female,2023-06-08
162,Priya Singh,customer0162@example.com,Patna,Bihar,Male,2023-01-27
163,Sahil Jain,customer0163@example.com,Bengaluru,Karnataka,Female,2023-06-14
164,Kunal Agarwal,customer0164@example.com,Ahmedabad,Gujarat,Female,2024-05-27
165,Aisha Saxena,customer0165@example.com,Surat,Gujarat,Female,2023-08-19
166,Rahul Agarwal,customer0166@example.com,Hyderabad,Telangana,Female,2023-11-11
167,Ananya Yadav,customer0167@example.com,Chandigarh,Chandigarh,Female,2024-01-10
168,Aisha Chaudhary,customer0168@example.com,Bengaluru,Karnataka,Female,2024-11-03
169,Isha Jain,customer0169@example.com,Kolkata,West Bengal,Male,2024-08-06
170,Ananya Srivastava,customer0170@example.com,Jaipur,Rajasthan,Male,2023-12-27
171,Vivaan Verma,customer0171@example.com,Bhopal,Madhya Pradesh,Male,2024-09-06
172,Vivaan Singh,customer0172@example.com,Ahmedabad,Gujarat,Male,2023-09-01
173,Isha Singh,customer0173@example.com,Mumbai,Maharashtra,Male,2024-06-26
174,Mohit Srivastava,customer0174@example.com,Rampur,Uttar Pradesh,Male,2024-09-17
175,Isha Gupta,customer0175@example.com,Chennai,Tamil Nadu,Male,2024-03-14
176,Ananya Yadav,customer0176@example.com,Gurugram,Haryana,Other,2024-11-30
177,Mohit Ansari,customer0177@example.com,Lucknow,Uttar Pradesh,Female,2023-08-16
178,Aditya Malik,customer0178@example.com,Meerut,Uttar Pradesh,Female,2023-10-11
179,Rahul Sharma,customer0179@example.com,Kanpur,Uttar Pradesh,Female,2023-06-02
180,Sahil Gupta,customer0180@example.com,Rampur,Uttar Pradesh,Female,2023-05-02
181,Pooja Tiwari,customer0181@example.com,Chandigarh,Chandigarh,Female,2024-02-10
182,Simran Tiwari,customer0182@example.com,Kanpur,Uttar Pradesh,Male,2023-04-14
183,Simran Yadav,customer0183@example.com,Pune,Maharashtra,Female,2023-02-28
184,Aarav Mishra,customer0184@example.com,Noida,Uttar Pradesh,Male,2023-12-09
185,Rahul Gupta,customer0185@example.com,Chennai,Tamil Nadu,Male,2024-10-24
186,Priya Khan,customer0186@example.com,Hyderabad,Telangana,Female,2023-08-02
187,Meera Agarwal,customer0187@example.com,Rampur,Uttar Pradesh,Male,2023-12-27
188,Rohan Khan,customer0188@example.com,Indore,Madhya Pradesh,Female,2024-09-07
189,Aisha Saxena,customer0189@example.com,Lucknow,Uttar Pradesh,Female,2024-05-04
190,Priya Sharma,customer0190@example.com,Rampur,Uttar Pradesh,Female,2023-09-25
191,Sneha Yadav,customer0191@example.com,Patna,Bihar,Female,2024-09-08
192,Ananya Ansari,customer0192@example.com,Kanpur,Uttar Pradesh,Female,2024-09-13
193,Mohit Chaudhary,customer0193@example.com,Pune,Maharashtra,Female,2024-03-04
194,Kunal Yadav,customer0194@example.com,Ahmedabad,Gujarat,Female,2023-12-31
195,Ananya Verma,customer0195@example.com,Delhi,Delhi,Female,2023-10-18
196,Priya Saxena,customer0196@example.com,Jaipur,Rajasthan,Male,2023-05-10
197,Rahul Gupta,customer0197@example.com,Kolkata,West Bengal,Female,2023-01-19
198,Neha Mishra,customer0198@example.com,Lucknow,Uttar Pradesh,Female,2023-08-13
199,Aisha Sharma,customer0199@example.com,Lucknow,Uttar Pradesh,Female,2023-07-22
200,Ananya Saxena,customer0200@example.com,Rampur,Uttar Pradesh,Female,2024-12-17
201,Sneha Jain,customer0201@example.com,Chandigarh,Chandigarh,Female,2024-07-09
202,Ananya Malik,customer0202@example.com,Kolkata,West Bengal,Female,2024-12-04
203,Sahil Chaudhary,customer0203@example.com,Mumbai,Maharashtra,Female,2023-03-25
204,Simran Mishra,customer0204@example.com,Surat,Gujarat,Female,2024-02-08
205,Mohit Tiwari,customer0205@example.com,Bengaluru,Karnataka,Male,2024-12-19
206,Simran Ansari,customer0206@example.com,Chandigarh,Chandigarh,Male,2024-07-01
207,Aarav Verma,customer0207@example.com,Kolkata,West Bengal,Female,2023-01-30
208,Meera Jain,customer0208@example.com,Bhopal,Madhya Pradesh,Male,2024-12-20
209,Rahul Tiwari,customer0209@example.com,Chennai,Tamil Nadu,Female,2023-10-28
210,Priya Verma,customer0210@example.com,Chennai,Tamil Nadu,Female,2024-02-10
211,Rohan Chaudhary,customer0211@example.com,Lucknow,Uttar Pradesh,Male,2024-08-23
212,Vivaan Yadav,customer0212@example.com,Chandigarh,Chandigarh,Male,2023-02-05
213,Pooja Malik,customer0213@example.com,Meerut,Uttar Pradesh,Female,2024-06-04
214,Aarav Srivastava,customer0214@example.com,Rampur,Uttar Pradesh,Female,2024-06-23
215,Kunal Sharma,customer0215@example.com,Patna,Bihar,Female,2023-06-21
216,Kabir Srivastava,customer0216@example.com,Lucknow,Uttar Pradesh,Female,2023-01-04
217,Rohan Malik,customer0217@example.com,Gurugram,Haryana,Male,2023-01-22
218,Neha Chaudhary,customer0218@example.com,Surat,Gujarat,Male,2024-05-05
219,Mohit Srivastava,customer0219@example.com,Gurugram,Haryana,Female,2023-09-12
220,Pooja Singh,customer0220@example.com,Rampur,Uttar Pradesh,Male,2024-03-06
221,Aditya Singh,customer0221@example.com,Gurugram,Haryana,Male,2024-10-09
222,Neha Verma,customer0222@example.com,Kanpur,Uttar Pradesh,Female,2023-09-07
223,Mohit Srivastava,customer0223@example.com,Gurugram,Haryana,Male,2024-12-30
224,Riya Mishra,customer0224@example.com,Gurugram,Haryana,Female,2023-04-10
225,Arjun Tiwari,customer0225@example.com,Bhopal,Madhya Pradesh,Female,2024-05-26
226,Vivaan Yadav,customer0226@example.com,Noida,Uttar Pradesh,Female,2024-10-30
227,Rahul Gupta,customer0227@example.com,Bengaluru,Karnataka,Male,2023-09-24
228,Kunal Khan,customer0228@example.com,Ahmedabad,Gujarat,Male,2023-01-13
229,Meera Saxena,customer0229@example.com,Bhopal,Madhya Pradesh,Male,2023-09-08
230,Sneha Tiwari,customer0230@example.com,Chandigarh,Chandigarh,Female,2024-07-02
231,Meera Singh,customer0231@example.com,Pune,Maharashtra,Male,2024-10-16
232,Aisha Singh,customer0232@example.com,Bhopal,Madhya Pradesh,Female,2024-10-25
233,Meera Ansari,customer0233@example.com,Chennai,Tamil Nadu,Female,2024-03-07
234,Aarav Singh,customer0234@example.com,Bhopal,Madhya Pradesh,Male,2023-06-26
235,Arjun Gupta,customer0235@example.com,Pune,Maharashtra,Male,2024-09-30
236,Vivaan Agarwal,customer0236@example.com,Kolkata,West Bengal,Female,2024-08-01
237,Priya Mishra,customer0237@example.com,Bhopal,Madhya Pradesh,Other,2023-12-14
238,Aisha Malik,customer0238@example.com,Kolkata,West Bengal,Female,2024-08-17
239,Rohan Ansari,customer0239@example.com,Noida,Uttar Pradesh,Female,2023-05-16
240,Rahul Verma,customer0240@example.com,Lucknow,Uttar Pradesh,Female,2024-04-21
241,Riya Jain,customer0241@example.com,Patna,Bihar,Male,2023-11-13
242,Pooja Tiwari,customer0242@example.com,Rampur,Uttar Pradesh,Male,2023-03-17
243,Vivaan Khan,customer0243@example.com,Ahmedabad,Gujarat,Male,2023-02-17
244,Rohan Jain,customer0244@example.com,Meerut,Uttar Pradesh,Male,2023-08-17
245,Sneha Verma,customer0245@example.com,Surat,Gujarat,Male,2023-10-08
246,Sneha Malik,customer0246@example.com,Lucknow,Uttar Pradesh,Male,2023-06-01
247,Sahil Yadav,customer0247@example.com,Chennai,Tamil Nadu,Male,2023-11-01
248,Rohan Verma,customer0248@example.com,Lucknow,Uttar Pradesh,Male,2024-09-21
249,Aditya Jain,customer0249@example.com,Kolkata,West Bengal,Male,2023-12-24
250,Mohit Mishra,customer0250@example.com,Ahmedabad,Gujarat,Female,2024-07-23
251,Ananya Khan,customer0251@example.com,Chennai,Tamil Nadu,Male,2023-08-24
252,Pooja Jain,customer0252@example.com,Bhopal,Madhya Pradesh,Male,2024-05-13
253,Isha Singh,customer0253@example.com,Chennai,Tamil Nadu,Male,2024-11-10
254,Sahil Mishra,customer0254@example.com,Bhopal,Madhya Pradesh,Male,2024-06-03
255,Priya Sharma,customer0255@example.com,Pune,Maharashtra,Female,2023-04-11
256,Vivaan Sharma,customer0256@example.com,Patna,Bihar,Male,2023-05-18
257,Arjun Verma,customer0257@example.com,Rampur,Uttar Pradesh,Male,2024-03-28
258,Vivaan Agarwal,customer0258@example.com,Chennai,Tamil Nadu,Female,2024-03-06
259,Sahil Sharma,customer0259@example.com,Kolkata,West Bengal,Female,2024-09-14
260,Sahil Gupta,customer0260@example.com,Bhopal,Madhya Pradesh,Female,2024-07-18
261,Rohan Khan,customer0261@example.com,Chennai,Tamil Nadu,Male,2024-11-01
262,Meera Saxena,customer0262@example.com,Patna,Bihar,Male,2024-12-19
263,Isha Srivastava,customer0263@example.com,Bengaluru,Karnataka,Female,2023-08-21
264,Aditya Saxena,customer0264@example.com,Kolkata,West Bengal,Male,2023-06-07
265,Priya Singh,customer0265@example.com,Indore,Madhya Pradesh,Male,2023-02-27
266,Isha Yadav,customer0266@example.com,Jaipur,Rajasthan,Male,2023-01-14
267,Neha Malik,customer0267@example.com,Indore,Madhya Pradesh,Female,2024-05-31
268,Simran Singh,customer0268@example.com,Bengaluru,Karnataka,Female,2024-10-11
269,Kabir Verma,customer0269@example.com,Meerut,Uttar Pradesh,Female,2023-04-15
270,Vivaan Gupta,customer0270@example.com,Meerut,Uttar Pradesh,Other,2024-01-06
271,Rohan Sharma,customer0271@example.com,Patna,Bihar,Other,2023-01-13
272,Aisha Agarwal,customer0272@example.com,Jaipur,Rajasthan,Female,2023-04-03
273,Vivaan Chaudhary,customer0273@example.com,Lucknow,Uttar Pradesh,Female,2024-01-27
274,Arjun Singh,customer0274@example.com,Rampur,Uttar Pradesh,Female,2023-02-06
275,Aditya Singh,customer0275@example.com,Pune,Maharashtra,Female,2024-04-29
276,Arjun Sharma,customer0276@example.com,Mumbai,Maharashtra,Male,2024-03-10
277,Simran Chaudhary,customer0277@example.com,Indore,Madhya Pradesh,Female,2023-07-05
278,Arjun Agarwal,customer0278@example.com,Gurugram,Haryana,Female,2023-10-17
279,Ananya Malik,customer0279@example.com,Meerut,Uttar Pradesh,Female,2024-02-18
280,Isha Tiwari,customer0280@example.com,Bengaluru,Karnataka,Female,2023-11-03
281,Pooja Sharma,customer0281@example.com,Delhi,Delhi,Female,2024-08-04
282,Mohit Mishra,customer0282@example.com,Patna,Bihar,Female,2023-03-10
283,Neha Yadav,customer0283@example.com,Hyderabad,Telangana,Male,2024-05-13
284,Kunal Tiwari,customer0284@example.com,Kolkata,West Bengal,Male,2023-05-11
285,Pooja Srivastava,customer0285@example.com,Chandigarh,Chandigarh,Male,2024-10-28
286,Rahul Jain,customer0286@example.com,Bhopal,Madhya Pradesh,Female,2024-06-19
287,Priya Yadav,customer0287@example.com,Lucknow,Uttar Pradesh,Female,2024-01-13
288,Neha Malik,customer0288@example.com,Gurugram,Haryana,Female,2024-07-25
289,Mohit Verma,customer0289@example.com,Meerut,Uttar Pradesh,Female,2024-10-21
290,Sneha Ansari,customer0290@example.com,Gurugram,Haryana,Male,2023-03-14
291,Mohit Ansari,customer0291@example.com,Noida,Uttar Pradesh,Other,2023-01-17
292,Meera Yadav,customer0292@example.com,Indore,Madhya Pradesh,Female,2024-06-09
293,Priya Yadav,customer0293@example.com,Surat,Gujarat,Female,2023-08-21
294,Aisha Agarwal,customer0294@example.com,Jaipur,Rajasthan,Female,2023-10-26
295,Aisha Tiwari,customer0295@example.com,Gurugram,Haryana,Male,2023-12-08
296,Rahul Yadav,customer0296@example.com,Jaipur,Rajasthan,Male,2023-10-15
297,Rahul Gupta,customer0297@example.com,Pune,Maharashtra,Male,2024-05-14
298,Aarav Tiwari,customer0298@example.com,Rampur,Uttar Pradesh,Male,2023-06-27
299,Sahil Ansari,customer0299@example.com,Ahmedabad,Gujarat,Male,2024-10-05
300,Sahil Khan,customer0300@example.com,Chandigarh,Chandigarh,Female,2023-05-16
301,Vivaan Jain,customer0301@example.com,Noida,Uttar Pradesh,Male,2023-07-09
302,Aarav Jain,customer0302@example.com,Mumbai,Maharashtra,Female,2024-12-01
303,Neha Jain,customer0303@example.com,Bhopal,Madhya Pradesh,Male,2023-03-22
304,Aditya Singh,customer0304@example.com,Pune,Maharashtra,Female,2024-07-12
305,Riya Chaudhary,customer0305@example.com,Bengaluru,Karnataka,Other,2024-12-19
306,Kunal Tiwari,customer0306@example.com,Ahmedabad,Gujarat,Male,2023-02-22
307,Pooja Singh,customer0307@example.com,Chennai,Tamil Nadu,Male,2024-02-08
308,Simran Srivastava,customer0308@example.com,Rampur,Uttar Pradesh,Female,2024-03-26
309,Ananya Gupta,customer0309@example.com,Mumbai,Maharashtra,Male,2023-07-04
310,Aditya Srivastava,customer0310@example.com,Jaipur,Rajasthan,Female,2024-03-02
311,Isha Singh,customer0311@example.com,Indore,Madhya Pradesh,Male,2023-09-29
312,Aditya Ansari,customer0312@example.com,Delhi,Delhi,Male,2024-07-17
313,Priya Tiwari,customer0313@example.com,Lucknow,Uttar Pradesh,Female,2023-03-30
314,Isha Verma,customer0314@example.com,Jaipur,Rajasthan,Female,2023-07-13
315,Priya Gupta,customer0315@example.com,Kanpur,Uttar Pradesh,Male,2023-10-29
316,Arjun Khan,customer0316@example.com,Bhopal,Madhya Pradesh,Female,2024-06-02
317,Aisha Chaudhary,customer0317@example.com,Rampur,Uttar Pradesh,Female,2023-09-05
318,Isha Khan,customer0318@example.com,Pune,Maharashtra,Male,2023-06-28
319,Aarav Tiwari,customer0319@example.com,Mumbai,Maharashtra,Female,2024-10-10
320,Rahul Jain,customer0320@example.com,Kolkata,West Bengal,Female,2023-12-25
321,Kunal Agarwal,customer0321@example.com,Indore,Madhya Pradesh,Male,2023-11-14
322,Kunal Verma,customer0322@example.com,Hyderabad,Telangana,Female,2024-11-26
323,Simran Tiwari,customer0323@example.com,Bengaluru,Karnataka,Female,2023-04-30
324,Meera Khan,customer0324@example.com,Hyderabad,Telangana,Male,2023-07-04
325,Kunal Verma,customer0325@example.com,Hyderabad,Telangana,Male,2024-10-31
326,Pooja Saxena,customer0326@example.com,Mumbai,Maharashtra,Male,2023-12-06
327,Ananya Jain,customer0327@example.com,Kanpur,Uttar Pradesh,Other,2023-05-17
328,Aditya Srivastava,customer0328@example.com,Indore,Madhya Pradesh,Male,2024-06-25
329,Simran Gupta,customer0329@example.com,Indore,Madhya Pradesh,Male,2024-11-03
330,Aisha Sharma,customer0330@example.com,Patna,Bihar,Female,2023-09-07
331,Neha Saxena,customer0331@example.com,Mumbai,Maharashtra,Female,2024-07-02
332,Simran Khan,customer0332@example.com,Chennai,Tamil Nadu,Male,2024-11-05
333,Rohan Saxena,customer0333@example.com,Meerut,Uttar Pradesh,Other,2023-01-02
334,Rohan Singh,customer0334@example.com,Bhopal,Madhya Pradesh,Male,2023-02-15
335,Riya Verma,customer0335@example.com,Lucknow,Uttar Pradesh,Female,2023-04-22
336,Sahil Yadav,customer0336@example.com,Hyderabad,Telangana,Male,2024-11-03
337,Mohit Malik,customer0337@example.com,Rampur,Uttar Pradesh,Female,2023-12-03
338,Neha Agarwal,customer0338@example.com,Mumbai,Maharashtra,Female,2023-12-12
339,Ananya Yadav,customer0339@example.com,Ahmedabad,Gujarat,Female,2023-05-10
340,Meera Srivastava,customer0340@example.com,Ahmedabad,Gujarat,Male,2023-01-30
341,Rohan Chaudhary,customer0341@example.com,Rampur,Uttar Pradesh,Other,2024-07-01
342,Sahil Jain,customer0342@example.com,Meerut,Uttar Pradesh,Male,2024-04-26
343,Kunal Tiwari,customer0343@example.com,Rampur,Uttar Pradesh,Female,2023-09-25
344,Kunal Mishra,customer0344@example.com,Bhopal,Madhya Pradesh,Female,2024-02-15
345,Aisha Jain,customer0345@example.com,Rampur,Uttar Pradesh,Male,2024-10-24
346,Arjun Saxena,customer0346@example.com,Lucknow,Uttar Pradesh,Male,2023-09-07
347,Sahil Mishra,customer0347@example.com,Kolkata,West Bengal,Male,2023-04-02
348,Rahul Malik,customer0348@example.com,Bengaluru,Karnataka,Female,2024-04-23
349,Rahul Sharma,customer0349@example.com,Bhopal,Madhya Pradesh,Male,2023-08-27
350,Arjun Ansari,customer0350@example.com,Patna,Bihar,Male,2024-09-20
351,Pooja Malik,customer0351@example.com,Hyderabad,Telangana,Male,2023-04-05
352,Riya Gupta,customer0352@example.com,Kolkata,West Bengal,Female,2023-07-26
353,Pooja Chaudhary,customer0353@example.com,Rampur,Uttar Pradesh,Female,2023-05-28
354,Ananya Malik,customer0354@example.com,Meerut,Uttar Pradesh,Female,2024-11-26
355,Isha Khan,customer0355@example.com,Pune,Maharashtra,Male,2024-04-01
356,Isha Tiwari,customer0356@example.com,Gurugram,Haryana,Female,2023-10-19
357,Ananya Sharma,customer0357@example.com,Gurugram,Haryana,Female,2023-10-20
358,Meera Saxena,customer0358@example.com,Jaipur,Rajasthan,Female,2023-11-21
359,Simran Srivastava,customer0359@example.com,Pune,Maharashtra,Female,2023-08-24
360,Isha Jain,customer0360@example.com,Lucknow,Uttar Pradesh,Male,2024-04-06
361,Simran Khan,customer0361@example.com,Lucknow,Uttar Pradesh,Female,2024-10-28
362,Rahul Srivastava,customer0362@example.com,Patna,Bihar,Female,2024-12-15
363,Meera Ansari,customer0363@example.com,Chennai,Tamil Nadu,Female,2024-07-10
364,Priya Mishra,customer0364@example.com,Kanpur,Uttar Pradesh,Female,2023-06-25
365,Priya Singh,customer0365@example.com,Pune,Maharashtra,Female,2023-07-08
366,Kunal Mishra,customer0366@example.com,Kolkata,West Bengal,Female,2023-06-09
367,Rohan Srivastava,customer0367@example.com,Ahmedabad,Gujarat,Male,2023-05-03
368,Aarav Yadav,customer0368@example.com,Noida,Uttar Pradesh,Female,2024-08-05
369,Kabir Gupta,customer0369@example.com,Kanpur,Uttar Pradesh,Male,2024-07-19
370,Aditya Yadav,customer0370@example.com,Noida,Uttar Pradesh,Male,2024-12-29
371,Pooja Gupta,customer0371@example.com,Delhi,Delhi,Female,2023-11-05
372,Sneha Chaudhary,customer0372@example.com,Kolkata,West Bengal,Male,2024-12-16
373,Pooja Gupta,customer0373@example.com,Ahmedabad,Gujarat,Male,2024-07-31
374,Sahil Chaudhary,customer0374@example.com,Chennai,Tamil Nadu,Male,2024-04-29
375,Isha Srivastava,customer0375@example.com,Ahmedabad,Gujarat,Male,2023-05-09
376,Ananya Agarwal,customer0376@example.com,Chennai,Tamil Nadu,Female,2024-01-01
377,Riya Saxena,customer0377@example.com,Delhi,Delhi,Other,2024-12-25
378,Aarav Jain,customer0378@example.com,Bengaluru,Karnataka,Female,2023-03-11
379,Aditya Tiwari,customer0379@example.com,Pune,Maharashtra,Male,2023-08-21
380,Arjun Mishra,customer0380@example.com,Chennai,Tamil Nadu,Female,2023-02-07
381,Riya Yadav,customer0381@example.com,Pune,Maharashtra,Female,2024-07-28
382,Pooja Srivastava,customer0382@example.com,Patna,Bihar,Male,2023-11-01
383,Kabir Ansari,customer0383@example.com,Rampur,Uttar Pradesh,Female,2024-08-08
384,Kabir Chaudhary,customer0384@example.com,Kolkata,West Bengal,Female,2023-04-16
385,Pooja Verma,customer0385@example.com,Pune,Maharashtra,Female,2023-04-23
386,Rohan Verma,customer0386@example.com,Gurugram,Haryana,Male,2023-02-08
387,Vivaan Mishra,customer0387@example.com,Bhopal,Madhya Pradesh,Male,2024-07-19
388,Rahul Saxena,customer0388@example.com,Rampur,Uttar Pradesh,Male,2024-08-23
389,Aarav Gupta,customer0389@example.com,Mumbai,Maharashtra,Female,2024-09-20
390,Aisha Agarwal,customer0390@example.com,Noida,Uttar Pradesh,Male,2024-08-21
391,Mohit Yadav,customer0391@example.com,Gurugram,Haryana,Male,2024-06-22
392,Rahul Ansari,customer0392@example.com,Chennai,Tamil Nadu,Female,2024-01-04
393,Isha Mishra,customer0393@example.com,Pune,Maharashtra,Male,2023-09-26
394,Priya Khan,customer0394@example.com,Surat,Gujarat,Male,2024-07-02
395,Riya Verma,customer0395@example.com,Pune,Maharashtra,Male,2023-05-09
396,Aarav Srivastava,customer0396@example.com,Mumbai,Maharashtra,Other,2023-10-18
397,Sneha Gupta,customer0397@example.com,Chandigarh,Chandigarh,Male,2024-04-22
398,Pooja Yadav,customer0398@example.com,Hyderabad,Telangana,Other,2024-09-30
399,Meera Chaudhary,customer0399@example.com,Noida,Uttar Pradesh,Male,2023-05-21
400,Sahil Saxena,customer0400@example.com,Patna,Bihar,Female,2023-07-31
401,Aarav Agarwal,customer0401@example.com,Rampur,Uttar Pradesh,Female,2024-02-07
402,Kunal Malik,customer0402@example.com,Noida,Uttar Pradesh,Male,2023-01-20
403,Pooja Saxena,customer0403@example.com,Jaipur,Rajasthan,Male,2023-12-21
404,Rohan Mishra,customer0404@example.com,Kolkata,West Bengal,Female,2024-07-07
405,Rahul Agarwal,customer0405@example.com,Hyderabad,Telangana,Male,2023-10-09
406,Aditya Jain,customer0406@example.com,Hyderabad,Telangana,Female,2023-08-18
407,Priya Malik,customer0407@example.com,Indore,Madhya Pradesh,Male,2023-02-18
408,Aarav Khan,customer0408@example.com,Ahmedabad,Gujarat,Female,2024-10-14
409,Riya Gupta,customer0409@example.com,Indore,Madhya Pradesh,Male,2024-10-11
410,Simran Jain,customer0410@example.com,Indore,Madhya Pradesh,Male,2024-11-13
411,Rahul Khan,customer0411@example.com,Noida,Uttar Pradesh,Male,2024-03-03
412,Rahul Malik,customer0412@example.com,Delhi,Delhi,Male,2023-06-06
413,Mohit Khan,customer0413@example.com,Bengaluru,Karnataka,Male,2023-11-05
414,Vivaan Gupta,customer0414@example.com,Kanpur,Uttar Pradesh,Male,2024-09-20
415,Rahul Yadav,customer0415@example.com,Chennai,Tamil Nadu,Male,2023-02-10
416,Rahul Khan,customer0416@example.com,Patna,Bihar,Male,2024-03-21
417,Simran Chaudhary,customer0417@example.com,Delhi,Delhi,Male,2024-11-09
418,Riya Verma,customer0418@example.com,Mumbai,Maharashtra,Female,2023-03-26
419,Mohit Verma,customer0419@example.com,Hyderabad,Telangana,Female,2024-09-14
420,Aditya Srivastava,customer0420@example.com,Kanpur,Uttar Pradesh,Other,2024-01-20
421,Mohit Sharma,customer0421@example.com,Chennai,Tamil Nadu,Male,2023-10-20
422,Sahil Tiwari,customer0422@example.com,Mumbai,Maharashtra,Female,2024-02-26
423,Pooja Gupta,customer0423@example.com,Indore,Madhya Pradesh,Female,2024-12-15
424,Ananya Jain,customer0424@example.com,Kolkata,West Bengal,Male,2024-12-09
425,Simran Yadav,customer0425@example.com,Meerut,Uttar Pradesh,Male,2024-03-02
426,Neha Singh,customer0426@example.com,Chennai,Tamil Nadu,Male,2023-05-22
427,Riya Srivastava,customer0427@example.com,Delhi,Delhi,Male,2024-03-06
428,Neha Mishra,customer0428@example.com,Lucknow,Uttar Pradesh,Female,2023-11-12
429,Kunal Chaudhary,customer0429@example.com,Indore,Madhya Pradesh,Male,2024-11-11
430,Riya Singh,customer0430@example.com,Kolkata,West Bengal,Female,2023-11-26
431,Kunal Mishra,customer0431@example.com,Kolkata,West Bengal,Female,2024-04-25
432,Kunal Singh,customer0432@example.com,Chandigarh,Chandigarh,Male,2023-09-10
433,Ananya Verma,customer0433@example.com,Pune,Maharashtra,Female,2023-05-02
434,Meera Yadav,customer0434@example.com,Bhopal,Madhya Pradesh,Female,2023-06-06
435,Riya Ansari,customer0435@example.com,Gurugram,Haryana,Female,2023-07-07
436,Meera Chaudhary,customer0436@example.com,Hyderabad,Telangana,Female,2024-03-12
437,Meera Sharma,customer0437@example.com,Kanpur,Uttar Pradesh,Male,2024-11-21
438,Aditya Chaudhary,customer0438@example.com,Patna,Bihar,Male,2024-02-27
439,Priya Sharma,customer0439@example.com,Patna,Bihar,Female,2024-05-11
440,Vivaan Sharma,customer0440@example.com,Pune,Maharashtra,Female,2024-06-26
441,Kabir Jain,customer0441@example.com,Chennai,Tamil Nadu,Male,2023-12-07
442,Aisha Ansari,customer0442@example.com,Patna,Bihar,Female,2023-08-30
443,Meera Yadav,customer0443@example.com,Bhopal,Madhya Pradesh,Male,2024-02-17
444,Neha Gupta,customer0444@example.com,Lucknow,Uttar Pradesh,Female,2024-07-19
445,Kabir Agarwal,customer0445@example.com,Chennai,Tamil Nadu,Other,2024-12-05
446,Riya Srivastava,customer0446@example.com,Bhopal,Madhya Pradesh,Female,2023-05-17
447,Meera Chaudhary,customer0447@example.com,Ahmedabad,Gujarat,Male,2023-10-01
448,Kunal Srivastava,customer0448@example.com,Gurugram,Haryana,Female,2023-12-18
449,Priya Tiwari,customer0449@example.com,Rampur,Uttar Pradesh,Male,2024-03-19
450,Pooja Yadav,customer0450@example.com,Bengaluru,Karnataka,Male,2023-11-01
451,Sneha Ansari,customer0451@example.com,Chennai,Tamil Nadu,Male,2024-09-03
452,Isha Singh,customer0452@example.com,Rampur,Uttar Pradesh,Male,2024-09-30
453,Pooja Jain,customer0453@example.com,Gurugram,Haryana,Female,2023-12-05
454,Aisha Gupta,customer0454@example.com,Surat,Gujarat,Male,2024-05-02
455,Riya Saxena,customer0455@example.com,Bengaluru,Karnataka,Male,2023-01-30
456,Meera Jain,customer0456@example.com,Patna,Bihar,Male,2023-06-06
457,Aisha Gupta,customer0457@example.com,Noida,Uttar Pradesh,Male,2023-09-09
458,Ananya Tiwari,customer0458@example.com,Hyderabad,Telangana,Female,2023-10-23
459,Mohit Tiwari,customer0459@example.com,Chennai,Tamil Nadu,Female,2023-02-28
460,Meera Chaudhary,customer0460@example.com,Bhopal,Madhya Pradesh,Male,2024-04-07
461,Aditya Mishra,customer0461@example.com,Jaipur,Rajasthan,Female,2023-01-27
462,Kunal Tiwari,customer0462@example.com,Noida,Uttar Pradesh,Male,2024-11-30
463,Kabir Malik,customer0463@example.com,Gurugram,Haryana,Female,2023-08-09
464,Kunal Sharma,customer0464@example.com,Pune,Maharashtra,Female,2024-11-14
465,Pooja Verma,customer0465@example.com,Kolkata,West Bengal,Female,2023-02-13
466,Pooja Gupta,customer0466@example.com,Rampur,Uttar Pradesh,Female,2024-01-26
467,Sneha Agarwal,customer0467@example.com,Rampur,Uttar Pradesh,Male,2023-10-17
468,Meera Sharma,customer0468@example.com,Hyderabad,Telangana,Male,2024-12-08
469,Riya Gupta,customer0469@example.com,Gurugram,Haryana,Other,2023-07-28
470,Arjun Verma,customer0470@example.com,Kanpur,Uttar Pradesh,Female,2024-09-25
471,Ananya Srivastava,customer0471@example.com,Bengaluru,Karnataka,Female,2024-12-13
472,Kunal Tiwari,customer0472@example.com,Surat,Gujarat,Female,2023-04-03
473,Rahul Agarwal,customer0473@example.com,Jaipur,Rajasthan,Female,2024-02-01
474,Kabir Tiwari,customer0474@example.com,Lucknow,Uttar Pradesh,Female,2024-05-29
475,Sahil Mishra,customer0475@example.com,Bhopal,Madhya Pradesh,Male,2023-10-10
476,Arjun Yadav,customer0476@example.com,Bengaluru,Karnataka,Male,2023-03-07
477,Aisha Ansari,customer0477@example.com,Rampur,Uttar Pradesh,Female,2023-11-22
478,Simran Saxena,customer0478@example.com,Mumbai,Maharashtra,Male,2023-01-26
479,Sneha Khan,customer0479@example.com,Kolkata,West Bengal,Male,2024-12-13
480,Kunal Jain,customer0480@example.com,Kanpur,Uttar Pradesh,Other,2024-11-14
481,Aarav Khan,customer0481@example.com,Ahmedabad,Gujarat,Male,2023-02-05
482,Pooja Sharma,customer0482@example.com,Bengaluru,Karnataka,Female,2023-05-23
483,Kunal Chaudhary,customer0483@example.com,Kolkata,West Bengal,Female,2024-01-28
484,Riya Khan,customer0484@example.com,Gurugram,Haryana,Female,2024-08-07
485,Neha Srivastava,customer0485@example.com,Surat,Gujarat,Male,2024-11-23
486,Aditya Verma,customer0486@example.com,Noida,Uttar Pradesh,Male,2023-06-14
487,Priya Tiwari,customer0487@example.com,Indore,Madhya Pradesh,Female,2023-10-04
488,Aditya Agarwal,customer0488@example.com,Lucknow,Uttar Pradesh,Male,2023-05-14
489,Arjun Saxena,customer0489@example.com,Hyderabad,Telangana,Male,2024-05-06
490,Simran Khan,customer0490@example.com,Meerut,Uttar Pradesh,Male,2024-06-10
491,Isha Tiwari,customer0491@example.com,Meerut,Uttar Pradesh,Male,2023-05-18
492,Aisha Jain,customer0492@example.com,Gurugram,Haryana,Female,2024-01-15
493,Pooja Mishra,customer0493@example.com,Kolkata,West Bengal,Female,2024-12-27
494,Ananya Jain,customer0494@example.com,Patna,Bihar,Male,2023-11-04
495,Isha Agarwal,customer0495@example.com,Chennai,Tamil Nadu,Female,2023-06-16
496,Priya Sharma,customer0496@example.com,Ahmedabad,Gujarat,Male,2024-12-17
497,Sahil Chaudhary,customer0497@example.com,Kolkata,West Bengal,Male,2023-12-14
498,Simran Srivastava,customer0498@example.com,Rampur,Uttar Pradesh,Female,2024-04-18
499,Pooja Mishra,customer0499@example.com,Noida,Uttar Pradesh,Female,2024-04-10
500,Riya Saxena,customer0500@example.com,Pune,Maharashtra,Female,2023-09-11
501,Riya Malik,customer0501@example.com,Patna,Bihar,Male,2024-12-02
502,Aisha Mishra,customer0502@example.com,Surat,Gujarat,Female,2024-08-15
503,Aarav Ansari,customer0503@example.com,Noida,Uttar Pradesh,Male,2023-12-02
504,Aisha Ansari,customer0504@example.com,Pune,Maharashtra,Male,2023-04-06
505,Kunal Saxena,customer0505@example.com,Bengaluru,Karnataka,Female,2024-06-29
506,Isha Singh,customer0506@example.com,Ahmedabad,Gujarat,Female,2023-03-22
507,Simran Gupta,customer0507@example.com,Kolkata,West Bengal,Male,2023-05-25
508,Rahul Jain,customer0508@example.com,Hyderabad,Telangana,Female,2024-10-06
509,Arjun Malik,customer0509@example.com,Indore,Madhya Pradesh,Male,2023-05-08
510,Riya Jain,customer0510@example.com,Indore,Madhya Pradesh,Male,2023-04-18
511,Kabir Singh,customer0511@example.com,Jaipur,Rajasthan,Female,2023-04-03
512,Simran Malik,customer0512@example.com,Bengaluru,Karnataka,Female,2023-02-21
513,Kabir Ansari,customer0513@example.com,Ahmedabad,Gujarat,Female,2024-06-30
514,Kabir Mishra,customer0514@example.com,Lucknow,Uttar Pradesh,Male,2024-08-22
515,Rahul Yadav,customer0515@example.com,Hyderabad,Telangana,Male,2023-05-09
516,Rahul Yadav,customer0516@example.com,Rampur,Uttar Pradesh,Female,2023-06-25
517,Arjun Singh,customer0517@example.com,Hyderabad,Telangana,Male,2023-07-19
518,Aarav Mishra,customer0518@example.com,Rampur,Uttar Pradesh,Male,2023-08-10
519,Pooja Khan,customer0519@example.com,Gurugram,Haryana,Female,2024-07-11
520,Kunal Jain,customer0520@example.com,Surat,Gujarat,Female,2024-04-14
521,Priya Tiwari,customer0521@example.com,Noida,Uttar Pradesh,Female,2024-03-23
522,Simran Chaudhary,customer0522@example.com,Gurugram,Haryana,Male,2024-07-31
523,Riya Verma,customer0523@example.com,Rampur,Uttar Pradesh,Male,2023-01-12
524,Sahil Jain,customer0524@example.com,Noida,Uttar Pradesh,Female,2023-10-25
525,Riya Agarwal,customer0525@example.com,Surat,Gujarat,Male,2024-09-02
526,Isha Khan,customer0526@example.com,Hyderabad,Telangana,Female,2024-08-01
527,Riya Tiwari,customer0527@example.com,Kanpur,Uttar Pradesh,Female,2024-09-29
528,Arjun Singh,customer0528@example.com,Bengaluru,Karnataka,Male,2023-10-21
529,Simran Saxena,customer0529@example.com,Surat,Gujarat,Male,2024-11-16
530,Meera Agarwal,customer0530@example.com,Surat,Gujarat,Male,2023-08-05
531,Kabir Gupta,customer0531@example.com,Rampur,Uttar Pradesh,Female,2023-02-12
532,Riya Mishra,customer0532@example.com,Mumbai,Maharashtra,Female,2024-08-31
533,Neha Gupta,customer0533@example.com,Rampur,Uttar Pradesh,Female,2023-05-09
534,Meera Khan,customer0534@example.com,Patna,Bihar,Male,2024-10-28
535,Rohan Malik,customer0535@example.com,Chandigarh,Chandigarh,Male,2024-08-17
536,Meera Singh,customer0536@example.com,Pune,Maharashtra,Male,2024-12-05
537,Aarav Mishra,customer0537@example.com,Chandigarh,Chandigarh,Male,2023-11-12
538,Riya Ansari,customer0538@example.com,Surat,Gujarat,Male,2024-07-17
539,Isha Srivastava,customer0539@example.com,Indore,Madhya Pradesh,Male,2023-06-05
540,Aisha Agarwal,customer0540@example.com,Jaipur,Rajasthan,Male,2024-12-26
541,Kabir Khan,customer0541@example.com,Bhopal,Madhya Pradesh,Female,2024-01-14
542,Riya Verma,customer0542@example.com,Bengaluru,Karnataka,Female,2023-10-16
543,Arjun Yadav,customer0543@example.com,Chennai,Tamil Nadu,Male,2023-05-18
544,Aisha Mishra,customer0544@example.com,Lucknow,Uttar Pradesh,Female,2023-12-16
545,Ananya Saxena,customer0545@example.com,Rampur,Uttar Pradesh,Other,2024-05-18
546,Arjun Mishra,customer0546@example.com,Kanpur,Uttar Pradesh,Female,2023-10-22
547,Vivaan Khan,customer0547@example.com,Chandigarh,Chandigarh,Female,2024-06-16
548,Meera Verma,customer0548@example.com,Lucknow,Uttar Pradesh,Male,2023-12-08
549,Arjun Gupta,customer0549@example.com,Lucknow,Uttar Pradesh,Male,2023-12-05
550,Arjun Ansari,customer0550@example.com,Chennai,Tamil Nadu,Female,2024-10-24
551,Priya Khan,customer0551@example.com,Surat,Gujarat,Male,2023-07-20
552,Rohan Gupta,customer0552@example.com,Delhi,Delhi,Male,2024-11-19
553,Pooja Khan,customer0553@example.com,Lucknow,Uttar Pradesh,Male,2024-09-10
554,Rohan Sharma,customer0554@example.com,Mumbai,Maharashtra,Female,2023-04-29
555,Mohit Ansari,customer0555@example.com,Hyderabad,Telangana,Female,2023-06-03
556,Priya Srivastava,customer0556@example.com,Chennai,Tamil Nadu,Male,2024-09-11
557,Ananya Sharma,customer0557@example.com,Bhopal,Madhya Pradesh,Male,2024-09-25
558,Vivaan Saxena,customer0558@example.com,Gurugram,Haryana,Male,2024-07-08
559,Aditya Ansari,customer0559@example.com,Hyderabad,Telangana,Female,2024-11-16
560,Meera Mishra,customer0560@example.com,Mumbai,Maharashtra,Female,2024-10-01
561,Meera Ansari,customer0561@example.com,Delhi,Delhi,Female,2024-08-21
562,Priya Singh,customer0562@example.com,Lucknow,Uttar Pradesh,Male,2023-03-28
563,Rahul Jain,customer0563@example.com,Kanpur,Uttar Pradesh,Female,2024-01-04
564,Sneha Yadav,customer0564@example.com,Indore,Madhya Pradesh,Female,2024-07-28
565,Riya Khan,customer0565@example.com,Meerut,Uttar Pradesh,Female,2024-06-21
566,Rohan Jain,customer0566@example.com,Meerut,Uttar Pradesh,Female,2023-05-18
567,Sahil Tiwari,customer0567@example.com,Delhi,Delhi,Female,2024-06-10
568,Arjun Tiwari,customer0568@example.com,Jaipur,Rajasthan,Female,2023-09-14
569,Neha Jain,customer0569@example.com,Mumbai,Maharashtra,Male,2024-12-21
570,Aisha Mishra,customer0570@example.com,Surat,Gujarat,Male,2024-10-01
571,Ananya Ansari,customer0571@example.com,Surat,Gujarat,Other,2023-10-07
572,Sahil Chaudhary,customer0572@example.com,Meerut,Uttar Pradesh,Female,2023-08-08
573,Kabir Yadav,customer0573@example.com,Chennai,Tamil Nadu,Female,2024-03-18
574,Pooja Srivastava,customer0574@example.com,Patna,Bihar,Male,2023-01-18
575,Pooja Malik,customer0575@example.com,Pune,Maharashtra,Female,2024-02-16
576,Sahil Sharma,customer0576@example.com,Noida,Uttar Pradesh,Female,2023-09-12
577,Riya Sharma,customer0577@example.com,Indore,Madhya Pradesh,Female,2023-10-17
578,Sneha Sharma,customer0578@example.com,Jaipur,Rajasthan,Male,2024-07-01
579,Ananya Srivastava,customer0579@example.com,Chennai,Tamil Nadu,Female,2024-06-28
580,Rohan Khan,customer0580@example.com,Gurugram,Haryana,Female,2024-01-23
581,Riya Khan,customer0581@example.com,Meerut,Uttar Pradesh,Male,2023-06-18
582,Rahul Tiwari,customer0582@example.com,Lucknow,Uttar Pradesh,Female,2024-06-02
583,Kunal Ansari,customer0583@example.com,Patna,Bihar,Male,2024-01-24
584,Aditya Mishra,customer0584@example.com,Mumbai,Maharashtra,Male,2024-04-12
585,Aarav Chaudhary,customer0585@example.com,Indore,Madhya Pradesh,Male,2024-08-15
586,Meera Agarwal,customer0586@example.com,Bengaluru,Karnataka,Other,2023-04-13
587,Arjun Chaudhary,customer0587@example.com,Kanpur,Uttar Pradesh,Male,2024-11-03
588,Simran Gupta,customer0588@example.com,Kolkata,West Bengal,Male,2023-06-04
589,Arjun Verma,customer0589@example.com,Jaipur,Rajasthan,Other,2023-02-22
590,Vivaan Verma,customer0590@example.com,Delhi,Delhi,Female,2023-04-07
591,Isha Agarwal,customer0591@example.com,Mumbai,Maharashtra,Female,2024-07-19
592,Mohit Chaudhary,customer0592@example.com,Pune,Maharashtra,Female,2024-04-11
593,Pooja Malik,customer0593@example.com,Lucknow,Uttar Pradesh,Male,2023-11-23
594,Arjun Jain,customer0594@example.com,Mumbai,Maharashtra,Female,2023-05-04
595,Riya Khan,customer0595@example.com,Lucknow,Uttar Pradesh,Male,2023-04-23
596,Riya Srivastava,customer0596@example.com,Kanpur,Uttar Pradesh,Female,2023-08-30
597,Priya Srivastava,customer0597@example.com,Bhopal,Madhya Pradesh,Female,2023-02-26
598,Kabir Singh,customer0598@example.com,Meerut,Uttar Pradesh,Female,2023-06-08
599,Neha Chaudhary,customer0599@example.com,Bengaluru,Karnataka,Female,2023-08-04
600,Kabir Singh,customer0600@example.com,Pune,Maharashtra,Female,2024-02-09
601,Mohit Saxena,customer0601@example.com,Hyderabad,Telangana,Male,2024-03-31
602,Rahul Malik,customer0602@example.com,Surat,Gujarat,Female,2024-05-07
603,Priya Verma,customer0603@example.com,Meerut,Uttar Pradesh,Male,2023-11-23
604,Mohit Verma,customer0604@example.com,Chandigarh,Chandigarh,Male,2023-06-12
605,Simran Ansari,customer0605@example.com,Meerut,Uttar Pradesh,Female,2023-06-23
606,Sahil Agarwal,customer0606@example.com,Delhi,Delhi,Male,2024-07-09
607,Ananya Jain,customer0607@example.com,Mumbai,Maharashtra,Female,2024-03-28
608,Pooja Jain,customer0608@example.com,Chandigarh,Chandigarh,Female,2024-01-21
609,Meera Ansari,customer0609@example.com,Bengaluru,Karnataka,Female,2023-02-22
610,Neha Jain,customer0610@example.com,Gurugram,Haryana,Female,2024-11-03
611,Aisha Jain,customer0611@example.com,Chandigarh,Chandigarh,Male,2024-12-03
612,Aisha Gupta,customer0612@example.com,Lucknow,Uttar Pradesh,Male,2023-06-08
613,Aisha Sharma,customer0613@example.com,Surat,Gujarat,Female,2023-11-12
614,Ananya Ansari,customer0614@example.com,Rampur,Uttar Pradesh,Female,2023-01-24
615,Meera Gupta,customer0615@example.com,Bengaluru,Karnataka,Male,2024-11-17
616,Mohit Saxena,customer0616@example.com,Hyderabad,Telangana,Female,2023-08-27
617,Rahul Mishra,customer0617@example.com,Kolkata,West Bengal,Male,2024-07-08
618,Kabir Chaudhary,customer0618@example.com,Patna,Bihar,Female,2024-01-01
619,Sahil Srivastava,customer0619@example.com,Jaipur,Rajasthan,Male,2024-12-30
620,Isha Singh,customer0620@example.com,Pune,Maharashtra,Male,2023-07-02
621,Priya Agarwal,customer0621@example.com,Meerut,Uttar Pradesh,Other,2024-12-26
622,Aditya Jain,customer0622@example.com,Pune,Maharashtra,Female,2024-04-11
623,Mohit Chaudhary,customer0623@example.com,Pune,Maharashtra,Female,2023-05-29
624,Neha Srivastava,customer0624@example.com,Chennai,Tamil Nadu,Male,2023-08-10
625,Kabir Tiwari,customer0625@example.com,Lucknow,Uttar Pradesh,Female,2024-12-20
626,Aisha Ansari,customer0626@example.com,Chandigarh,Chandigarh,Male,2023-07-16
627,Priya Agarwal,customer0627@example.com,Mumbai,Maharashtra,Female,2024-02-14
628,Aisha Saxena,customer0628@example.com,Lucknow,Uttar Pradesh,Female,2023-10-26
629,Simran Yadav,customer0629@example.com,Lucknow,Uttar Pradesh,Male,2023-08-30
630,Mohit Gupta,customer0630@example.com,Gurugram,Haryana,Male,2024-09-12
631,Vivaan Khan,customer0631@example.com,Bengaluru,Karnataka,Female,2024-07-08
632,Arjun Sharma,customer0632@example.com,Chandigarh,Chandigarh,Male,2023-08-19
633,Rohan Saxena,customer0633@example.com,Bhopal,Madhya Pradesh,Male,2023-07-20
634,Aarav Sharma,customer0634@example.com,Patna,Bihar,Male,2024-02-29
635,Aarav Srivastava,customer0635@example.com,Bengaluru,Karnataka,Female,2023-04-24
636,Kabir Mishra,customer0636@example.com,Kanpur,Uttar Pradesh,Male,2023-11-20
637,Sahil Srivastava,customer0637@example.com,Surat,Gujarat,Male,2024-10-13
638,Ananya Gupta,customer0638@example.com,Ahmedabad,Gujarat,Female,2024-10-21
639,Neha Gupta,customer0639@example.com,Bhopal,Madhya Pradesh,Female,2023-05-29
640,Aditya Malik,customer0640@example.com,Hyderabad,Telangana,Female,2024-03-13
641,Sneha Jain,customer0641@example.com,Ahmedabad,Gujarat,Male,2023-08-08
642,Riya Yadav,customer0642@example.com,Rampur,Uttar Pradesh,Male,2023-06-13
643,Aditya Yadav,customer0643@example.com,Noida,Uttar Pradesh,Male,2024-06-03
644,Rahul Mishra,customer0644@example.com,Gurugram,Haryana,Female,2024-04-15
645,Priya Ansari,customer0645@example.com,Gurugram,Haryana,Female,2024-08-14
646,Aarav Verma,customer0646@example.com,Bhopal,Madhya Pradesh,Female,2023-12-13
647,Neha Khan,customer0647@example.com,Hyderabad,Telangana,Male,2023-02-01
648,Aisha Mishra,customer0648@example.com,Hyderabad,Telangana,Male,2023-10-30
649,Aditya Srivastava,customer0649@example.com,Ahmedabad,Gujarat,Male,2024-11-06
650,Priya Chaudhary,customer0650@example.com,Gurugram,Haryana,Female,2023-01-14
651,Ananya Tiwari,customer0651@example.com,Gurugram,Haryana,Female,2023-01-09
652,Isha Tiwari,customer0652@example.com,Hyderabad,Telangana,Other,2024-10-23
653,Arjun Agarwal,customer0653@example.com,Meerut,Uttar Pradesh,Female,2023-02-27
654,Vivaan Saxena,customer0654@example.com,Patna,Bihar,Male,2024-03-24
655,Priya Agarwal,customer0655@example.com,Gurugram,Haryana,Female,2023-04-23
656,Isha Verma,customer0656@example.com,Rampur,Uttar Pradesh,Female,2024-06-16
657,Ananya Jain,customer0657@example.com,Rampur,Uttar Pradesh,Male,2024-01-08
658,Pooja Tiwari,customer0658@example.com,Bengaluru,Karnataka,Male,2024-06-19
659,Meera Gupta,customer0659@example.com,Jaipur,Rajasthan,Male,2023-06-10
660,Aisha Tiwari,customer0660@example.com,Gurugram,Haryana,Male,2024-06-19
661,Pooja Srivastava,customer0661@example.com,Kanpur,Uttar Pradesh,Female,2023-10-04
662,Riya Khan,customer0662@example.com,Ahmedabad,Gujarat,Female,2024-03-27
663,Aditya Khan,customer0663@example.com,Mumbai,Maharashtra,Other,2024-05-20
664,Ananya Gupta,customer0664@example.com,Noida,Uttar Pradesh,Female,2023-03-06
665,Sneha Yadav,customer0665@example.com,Pune,Maharashtra,Male,2023-02-22
666,Riya Ansari,customer0666@example.com,Bengaluru,Karnataka,Male,2023-07-28
667,Aarav Srivastava,customer0667@example.com,Rampur,Uttar Pradesh,Female,2024-01-15
668,Aarav Mishra,customer0668@example.com,Indore,Madhya Pradesh,Female,2024-11-26
669,Arjun Verma,customer0669@example.com,Jaipur,Rajasthan,Female,2024-10-08
670,Rohan Gupta,customer0670@example.com,Kolkata,West Bengal,Female,2023-04-22
671,Aditya Sharma,customer0671@example.com,Gurugram,Haryana,Male,2023-07-29
672,Kabir Mishra,customer0672@example.com,Kanpur,Uttar Pradesh,Female,2023-10-30
673,Rohan Singh,customer0673@example.com,Lucknow,Uttar Pradesh,Female,2023-01-24
674,Rahul Yadav,customer0674@example.com,Pune,Maharashtra,Male,2024-04-20
675,Mohit Sharma,customer0675@example.com,Noida,Uttar Pradesh,Male,2023-07-01
676,Rahul Yadav,customer0676@example.com,Meerut,Uttar Pradesh,Male,2024-08-14
677,Simran Jain,customer0677@example.com,Chennai,Tamil Nadu,Male,2024-03-09
678,Priya Jain,customer0678@example.com,Meerut,Uttar Pradesh,Male,2023-09-09
679,Isha Verma,customer0679@example.com,Mumbai,Maharashtra,Female,2024-07-25
680,Rahul Sharma,customer0680@example.com,Chandigarh,Chandigarh,Female,2024-03-15
681,Pooja Singh,customer0681@example.com,Meerut,Uttar Pradesh,Female,2024-07-28
682,Rohan Chaudhary,customer0682@example.com,Chandigarh,Chandigarh,Male,2024-12-17
683,Kunal Mishra,customer0683@example.com,Chandigarh,Chandigarh,Male,2024-02-04
684,Riya Yadav,customer0684@example.com,Mumbai,Maharashtra,Male,2024-12-21
685,Vivaan Mishra,customer0685@example.com,Bengaluru,Karnataka,Male,2024-09-07
686,Aarav Jain,customer0686@example.com,Hyderabad,Telangana,Male,2024-12-14
687,Aarav Verma,customer0687@example.com,Chennai,Tamil Nadu,Female,2023-02-07
688,Meera Khan,customer0688@example.com,Meerut,Uttar Pradesh,Male,2024-01-03
689,Ananya Mishra,customer0689@example.com,Delhi,Delhi,Female,2024-11-09
690,Meera Tiwari,customer0690@example.com,Chandigarh,Chandigarh,Female,2023-07-08
691,Isha Srivastava,customer0691@example.com,Hyderabad,Telangana,Male,2023-11-24
692,Mohit Srivastava,customer0692@example.com,Bhopal,Madhya Pradesh,Female,2023-10-12
693,Pooja Tiwari,customer0693@example.com,Chennai,Tamil Nadu,Male,2023-05-17
694,Arjun Sharma,customer0694@example.com,Lucknow,Uttar Pradesh,Male,2023-10-14
695,Isha Malik,customer0695@example.com,Noida,Uttar Pradesh,Female,2023-05-13
696,Kunal Khan,customer0696@example.com,Gurugram,Haryana,Male,2023-09-17
697,Rahul Malik,customer0697@example.com,Noida,Uttar Pradesh,Male,2023-12-07
698,Aditya Srivastava,customer0698@example.com,Mumbai,Maharashtra,Male,2024-02-22
699,Aarav Chaudhary,customer0699@example.com,Lucknow,Uttar Pradesh,Male,2023-09-08
700,Aisha Jain,customer0700@example.com,Ahmedabad,Gujarat,Male,2023-04-01
701,Neha Ansari,customer0701@example.com,Pune,Maharashtra,Female,2023-04-06
702,Pooja Tiwari,customer0702@example.com,Chennai,Tamil Nadu,Female,2024-03-18
703,Mohit Malik,customer0703@example.com,Kanpur,Uttar Pradesh,Male,2024-12-25
704,Ananya Gupta,customer0704@example.com,Bengaluru,Karnataka,Female,2024-01-14
705,Riya Gupta,customer0705@example.com,Lucknow,Uttar Pradesh,Male,2024-03-23
706,Vivaan Chaudhary,customer0706@example.com,Surat,Gujarat,Male,2023-07-13
707,Pooja Verma,customer0707@example.com,Meerut,Uttar Pradesh,Male,2023-06-25
708,Simran Sharma,customer0708@example.com,Jaipur,Rajasthan,Male,2023-07-23
709,Pooja Yadav,customer0709@example.com,Lucknow,Uttar Pradesh,Male,2023-10-09
710,Rahul Singh,customer0710@example.com,Pune,Maharashtra,Male,2023-03-07
711,Kabir Khan,customer0711@example.com,Kolkata,West Bengal,Other,2024-07-06
712,Kunal Chaudhary,customer0712@example.com,Delhi,Delhi,Female,2024-01-04
713,Pooja Singh,customer0713@example.com,Delhi,Delhi,Female,2024-07-18
714,Isha Srivastava,customer0714@example.com,Noida,Uttar Pradesh,Male,2024-10-15
715,Aditya Ansari,customer0715@example.com,Rampur,Uttar Pradesh,Male,2024-08-11
716,Vivaan Chaudhary,customer0716@example.com,Noida,Uttar Pradesh,Other,2023-03-10
717,Mohit Ansari,customer0717@example.com,Delhi,Delhi,Female,2023-03-10
718,Aditya Sharma,customer0718@example.com,Kanpur,Uttar Pradesh,Female,2024-07-16
719,Simran Saxena,customer0719@example.com,Gurugram,Haryana,Male,2024-09-17
720,Riya Singh,customer0720@example.com,Chandigarh,Chandigarh,Male,2023-10-30
721,Neha Mishra,customer0721@example.com,Noida,Uttar Pradesh,Male,2023-07-13
722,Sneha Mishra,customer0722@example.com,Delhi,Delhi,Male,2024-10-03
723,Sneha Chaudhary,customer0723@example.com,Patna,Bihar,Male,2023-11-07
724,Isha Jain,customer0724@example.com,Mumbai,Maharashtra,Male,2023-11-01
725,Kunal Jain,customer0725@example.com,Delhi,Delhi,Male,2023-04-21
726,Priya Agarwal,customer0726@example.com,Ahmedabad,Gujarat,Female,2023-10-29
727,Meera Khan,customer0727@example.com,Kanpur,Uttar Pradesh,Female,2024-12-08
728,Sahil Tiwari,customer0728@example.com,Ahmedabad,Gujarat,Male,2024-09-03
729,Pooja Jain,customer0729@example.com,Ahmedabad,Gujarat,Female,2023-05-05
730,Rahul Agarwal,customer0730@example.com,Pune,Maharashtra,Female,2023-07-12
731,Pooja Verma,customer0731@example.com,Jaipur,Rajasthan,Female,2024-02-16
732,Rohan Sharma,customer0732@example.com,Pune,Maharashtra,Female,2024-03-12
733,Aarav Verma,customer0733@example.com,Gurugram,Haryana,Male,2024-01-09
734,Vivaan Saxena,customer0734@example.com,Jaipur,Rajasthan,Female,2023-03-28
735,Rohan Chaudhary,customer0735@example.com,Kolkata,West Bengal,Male,2023-05-16
736,Aditya Agarwal,customer0736@example.com,Pune,Maharashtra,Male,2024-06-08
737,Sahil Gupta,customer0737@example.com,Rampur,Uttar Pradesh,Other,2023-03-18
738,Riya Mishra,customer0738@example.com,Pune,Maharashtra,Female,2024-09-28
739,Riya Chaudhary,customer0739@example.com,Patna,Bihar,Male,2023-03-06
740,Aisha Chaudhary,customer0740@example.com,Kanpur,Uttar Pradesh,Male,2024-11-22
741,Rahul Yadav,customer0741@example.com,Kanpur,Uttar Pradesh,Male,2023-11-27
742,Rahul Gupta,customer0742@example.com,Ahmedabad,Gujarat,Male,2024-10-17
743,Sahil Malik,customer0743@example.com,Surat,Gujarat,Male,2023-02-19
744,Aditya Saxena,customer0744@example.com,Bengaluru,Karnataka,Female,2023-09-05
745,Mohit Verma,customer0745@example.com,Meerut,Uttar Pradesh,Female,2024-11-24
746,Mohit Chaudhary,customer0746@example.com,Noida,Uttar Pradesh,Male,2023-04-10
747,Pooja Yadav,customer0747@example.com,Bhopal,Madhya Pradesh,Male,2024-01-28
748,Simran Sharma,customer0748@example.com,Noida,Uttar Pradesh,Male,2023-09-27
749,Neha Yadav,customer0749@example.com,Hyderabad,Telangana,Male,2023-05-24
750,Rahul Saxena,customer0750@example.com,Pune,Maharashtra,Male,2023-10-11
751,Neha Agarwal,customer0751@example.com,Chandigarh,Chandigarh,Male,2024-07-17
752,Rohan Agarwal,customer0752@example.com,Kolkata,West Bengal,Female,2024-12-06
753,Aditya Chaudhary,customer0753@example.com,Patna,Bihar,Male,2024-08-02
754,Isha Mishra,customer0754@example.com,Chandigarh,Chandigarh,Other,2024-05-24
755,Simran Mishra,customer0755@example.com,Delhi,Delhi,Female,2023-03-09
756,Aarav Verma,customer0756@example.com,Rampur,Uttar Pradesh,Female,2024-07-02
757,Vivaan Malik,customer0757@example.com,Indore,Madhya Pradesh,Female,2024-09-26
758,Pooja Saxena,customer0758@example.com,Lucknow,Uttar Pradesh,Female,2024-07-04
759,Ananya Chaudhary,customer0759@example.com,Delhi,Delhi,Female,2023-01-27
760,Isha Khan,customer0760@example.com,Hyderabad,Telangana,Female,2024-09-20
761,Sahil Mishra,customer0761@example.com,Delhi,Delhi,Male,2023-05-18
762,Isha Malik,customer0762@example.com,Pune,Maharashtra,Male,2023-05-30
763,Sahil Chaudhary,customer0763@example.com,Rampur,Uttar Pradesh,Male,2024-07-11
764,Rohan Singh,customer0764@example.com,Hyderabad,Telangana,Female,2024-12-10
765,Aisha Saxena,customer0765@example.com,Chennai,Tamil Nadu,Male,2023-08-13
766,Neha Sharma,customer0766@example.com,Mumbai,Maharashtra,Male,2024-06-15
767,Sneha Sharma,customer0767@example.com,Chandigarh,Chandigarh,Female,2024-06-16
768,Rahul Ansari,customer0768@example.com,Chennai,Tamil Nadu,Female,2023-12-11
769,Sneha Mishra,customer0769@example.com,Mumbai,Maharashtra,Female,2023-08-25
770,Aisha Mishra,customer0770@example.com,Kolkata,West Bengal,Female,2024-03-12
771,Priya Tiwari,customer0771@example.com,Indore,Madhya Pradesh,Male,2023-02-27
772,Aarav Gupta,customer0772@example.com,Meerut,Uttar Pradesh,Male,2023-09-15
773,Rohan Gupta,customer0773@example.com,Bengaluru,Karnataka,Female,2024-07-11
774,Priya Chaudhary,customer0774@example.com,Indore,Madhya Pradesh,Male,2023-01-24
775,Aarav Mishra,customer0775@example.com,Rampur,Uttar Pradesh,Male,2023-02-28
776,Kunal Tiwari,customer0776@example.com,Pune,Maharashtra,Male,2023-06-02
777,Aditya Agarwal,customer0777@example.com,Lucknow,Uttar Pradesh,Female,2023-12-30
778,Arjun Yadav,customer0778@example.com,Pune,Maharashtra,Male,2024-08-26
779,Isha Mishra,customer0779@example.com,Mumbai,Maharashtra,Female,2024-05-18
780,Simran Yadav,customer0780@example.com,Ahmedabad,Gujarat,Male,2024-02-19
781,Rahul Gupta,customer0781@example.com,Kanpur,Uttar Pradesh,Female,2023-02-20
782,Pooja Singh,customer0782@example.com,Delhi,Delhi,Male,2024-06-12
783,Meera Srivastava,customer0783@example.com,Rampur,Uttar Pradesh,Male,2024-09-01
784,Rahul Sharma,customer0784@example.com,Bhopal,Madhya Pradesh,Female,2023-02-11
785,Isha Khan,customer0785@example.com,Noida,Uttar Pradesh,Male,2024-02-05
786,Rohan Ansari,customer0786@example.com,Bhopal,Madhya Pradesh,Female,2023-12-23
787,Sneha Tiwari,customer0787@example.com,Lucknow,Uttar Pradesh,Female,2023-04-20
788,Pooja Sharma,customer0788@example.com,Kolkata,West Bengal,Female,2023-12-15
789,Aditya Saxena,customer0789@example.com,Patna,Bihar,Male,2024-05-15
790,Simran Mishra,customer0790@example.com,Mumbai,Maharashtra,Female,2023-09-25
791,Rohan Mishra,customer0791@example.com,Lucknow,Uttar Pradesh,Male,2023-08-27
792,Riya Khan,customer0792@example.com,Bhopal,Madhya Pradesh,Male,2023-09-24
793,Simran Chaudhary,customer0793@example.com,Chennai,Tamil Nadu,Male,2024-03-15
794,Sahil Malik,customer0794@example.com,Chandigarh,Chandigarh,Male,2024-09-10
795,Mohit Gupta,customer0795@example.com,Ahmedabad,Gujarat,Male,2023-01-07
796,Rohan Ansari,customer0796@example.com,Hyderabad,Telangana,Male,2024-12-21
797,Rahul Ansari,customer0797@example.com,Bengaluru,Karnataka,Female,2023-02-22
798,Rahul Ansari,customer0798@example.com,Indore,Madhya Pradesh,Male,2023-09-20
799,Rahul Agarwal,customer0799@example.com,Hyderabad,Telangana,Male,2024-12-24
800,Kunal Gupta,customer0800@example.com,Gurugram,Haryana,Female,2023-04-01
801,Priya Agarwal,customer0801@example.com,Chennai,Tamil Nadu,Female,2024-08-01
802,Sahil Chaudhary,customer0802@example.com,Jaipur,Rajasthan,Male,2024-08-11
803,Ananya Agarwal,customer0803@example.com,Rampur,Uttar Pradesh,Male,2023-08-06
804,Ananya Chaudhary,customer0804@example.com,Gurugram,Haryana,Other,2024-05-12
805,Sahil Mishra,customer0805@example.com,Hyderabad,Telangana,Female,2024-01-28
806,Rahul Verma,customer0806@example.com,Jaipur,Rajasthan,Female,2023-06-22
807,Aditya Verma,customer0807@example.com,Bhopal,Madhya Pradesh,Male,2024-11-10
808,Vivaan Gupta,customer0808@example.com,Meerut,Uttar Pradesh,Male,2024-07-12
809,Arjun Chaudhary,customer0809@example.com,Patna,Bihar,Male,2024-06-13
810,Vivaan Malik,customer0810@example.com,Indore,Madhya Pradesh,Female,2024-04-06
811,Vivaan Srivastava,customer0811@example.com,Bhopal,Madhya Pradesh,Female,2024-06-08
812,Sahil Singh,customer0812@example.com,Patna,Bihar,Female,2024-05-24
813,Vivaan Agarwal,customer0813@example.com,Hyderabad,Telangana,Male,2024-04-29
814,Neha Ansari,customer0814@example.com,Jaipur,Rajasthan,Male,2024-12-29
815,Aarav Khan,customer0815@example.com,Kanpur,Uttar Pradesh,Female,2024-01-29
816,Simran Agarwal,customer0816@example.com,Mumbai,Maharashtra,Male,2023-02-05
817,Sneha Agarwal,customer0817@example.com,Meerut,Uttar Pradesh,Female,2024-03-03
818,Priya Malik,customer0818@example.com,Hyderabad,Telangana,Female,2024-04-13
819,Riya Saxena,customer0819@example.com,Patna,Bihar,Female,2024-01-28
820,Riya Verma,customer0820@example.com,Bengaluru,Karnataka,Female,2023-07-19
821,Meera Chaudhary,customer0821@example.com,Ahmedabad,Gujarat,Male,2024-05-10
822,Kunal Agarwal,customer0822@example.com,Hyderabad,Telangana,Female,2023-06-11
823,Sneha Srivastava,customer0823@example.com,Jaipur,Rajasthan,Female,2024-03-09
824,Rohan Yadav,customer0824@example.com,Rampur,Uttar Pradesh,Female,2023-11-22
825,Aarav Malik,customer0825@example.com,Jaipur,Rajasthan,Male,2024-01-15
826,Rahul Sharma,customer0826@example.com,Meerut,Uttar Pradesh,Male,2023-04-15
827,Arjun Yadav,customer0827@example.com,Patna,Bihar,Female,2024-11-20
828,Meera Khan,customer0828@example.com,Patna,Bihar,Male,2023-03-19
829,Aarav Srivastava,customer0829@example.com,Bhopal,Madhya Pradesh,Female,2023-10-07
830,Simran Srivastava,customer0830@example.com,Ahmedabad,Gujarat,Female,2023-03-22
831,Pooja Tiwari,customer0831@example.com,Hyderabad,Telangana,Male,2023-10-21
832,Meera Chaudhary,customer0832@example.com,Patna,Bihar,Female,2024-10-07
833,Meera Agarwal,customer0833@example.com,Surat,Gujarat,Female,2023-06-04
834,Neha Jain,customer0834@example.com,Hyderabad,Telangana,Female,2023-01-25
835,Riya Tiwari,customer0835@example.com,Noida,Uttar Pradesh,Male,2024-08-28
836,Simran Sharma,customer0836@example.com,Ahmedabad,Gujarat,Female,2024-11-17
837,Vivaan Jain,customer0837@example.com,Meerut,Uttar Pradesh,Male,2024-04-13
838,Neha Mishra,customer0838@example.com,Bhopal,Madhya Pradesh,Male,2023-03-29
839,Isha Khan,customer0839@example.com,Pune,Maharashtra,Male,2024-09-02
840,Aarav Khan,customer0840@example.com,Patna,Bihar,Male,2024-02-05
841,Kunal Gupta,customer0841@example.com,Jaipur,Rajasthan,Male,2024-02-16
842,Riya Saxena,customer0842@example.com,Kolkata,West Bengal,Male,2024-10-27
843,Meera Chaudhary,customer0843@example.com,Delhi,Delhi,Female,2024-10-20
844,Rohan Saxena,customer0844@example.com,Gurugram,Haryana,Female,2024-03-28
845,Ananya Malik,customer0845@example.com,Gurugram,Haryana,Female,2023-01-13
846,Pooja Agarwal,customer0846@example.com,Hyderabad,Telangana,Male,2024-07-24
847,Rahul Sharma,customer0847@example.com,Indore,Madhya Pradesh,Female,2024-01-08
848,Aarav Mishra,customer0848@example.com,Gurugram,Haryana,Male,2023-09-05
849,Aditya Jain,customer0849@example.com,Bhopal,Madhya Pradesh,Other,2023-10-01
850,Mohit Gupta,customer0850@example.com,Surat,Gujarat,Male,2023-08-22
851,Aisha Agarwal,customer0851@example.com,Chennai,Tamil Nadu,Female,2023-12-31
852,Riya Tiwari,customer0852@example.com,Pune,Maharashtra,Female,2023-07-28
853,Meera Sharma,customer0853@example.com,Chennai,Tamil Nadu,Male,2023-07-11
854,Sneha Sharma,customer0854@example.com,Indore,Madhya Pradesh,Female,2024-03-26
855,Aditya Ansari,customer0855@example.com,Chennai,Tamil Nadu,Female,2024-01-13
856,Rahul Yadav,customer0856@example.com,Noida,Uttar Pradesh,Male,2023-01-31
857,Sahil Saxena,customer0857@example.com,Mumbai,Maharashtra,Male,2024-12-27
858,Neha Agarwal,customer0858@example.com,Surat,Gujarat,Female,2024-07-02
859,Kunal Agarwal,customer0859@example.com,Hyderabad,Telangana,Female,2024-03-28
860,Simran Srivastava,customer0860@example.com,Patna,Bihar,Female,2023-03-31
861,Kunal Sharma,customer0861@example.com,Kolkata,West Bengal,Male,2024-09-02
862,Isha Gupta,customer0862@example.com,Jaipur,Rajasthan,Male,2023-01-03
863,Sneha Yadav,customer0863@example.com,Chennai,Tamil Nadu,Male,2023-05-02
864,Vivaan Mishra,customer0864@example.com,Bhopal,Madhya Pradesh,Female,2024-07-14
865,Riya Saxena,customer0865@example.com,Bhopal,Madhya Pradesh,Male,2023-04-01
866,Isha Chaudhary,customer0866@example.com,Noida,Uttar Pradesh,Male,2023-03-06
867,Pooja Tiwari,customer0867@example.com,Ahmedabad,Gujarat,Male,2024-11-24
868,Simran Malik,customer0868@example.com,Gurugram,Haryana,Female,2023-11-30
869,Sahil Sharma,customer0869@example.com,Bengaluru,Karnataka,Female,2023-04-16
870,Simran Khan,customer0870@example.com,Meerut,Uttar Pradesh,Male,2024-05-01
871,Rahul Chaudhary,customer0871@example.com,Patna,Bihar,Female,2024-08-21
872,Rahul Ansari,customer0872@example.com,Mumbai,Maharashtra,Female,2023-07-17
873,Rohan Gupta,customer0873@example.com,Jaipur,Rajasthan,Female,2024-09-20
874,Pooja Chaudhary,customer0874@example.com,Jaipur,Rajasthan,Female,2024-10-02
875,Kunal Khan,customer0875@example.com,Ahmedabad,Gujarat,Female,2024-11-11
876,Aditya Mishra,customer0876@example.com,Rampur,Uttar Pradesh,Male,2024-02-14
877,Vivaan Singh,customer0877@example.com,Kanpur,Uttar Pradesh,Male,2023-06-26
878,Aisha Jain,customer0878@example.com,Indore,Madhya Pradesh,Female,2024-10-10
879,Neha Jain,customer0879@example.com,Hyderabad,Telangana,Male,2023-11-09
880,Priya Khan,customer0880@example.com,Chennai,Tamil Nadu,Male,2024-08-23
881,Isha Malik,customer0881@example.com,Indore,Madhya Pradesh,Female,2024-07-08
882,Rohan Srivastava,customer0882@example.com,Kolkata,West Bengal,Female,2023-08-01
883,Rahul Malik,customer0883@example.com,Patna,Bihar,Female,2024-08-06
884,Arjun Srivastava,customer0884@example.com,Mumbai,Maharashtra,Male,2024-12-25
885,Kabir Srivastava,customer0885@example.com,Jaipur,Rajasthan,Male,2024-06-27
886,Pooja Chaudhary,customer0886@example.com,Chennai,Tamil Nadu,Female,2023-10-15
887,Ananya Verma,customer0887@example.com,Meerut,Uttar Pradesh,Female,2023-06-14
888,Neha Yadav,customer0888@example.com,Patna,Bihar,Male,2023-10-15
889,Arjun Jain,customer0889@example.com,Ahmedabad,Gujarat,Female,2024-08-11
890,Priya Verma,customer0890@example.com,Rampur,Uttar Pradesh,Male,2024-02-24
891,Rahul Saxena,customer0891@example.com,Ahmedabad,Gujarat,Male,2023-11-23
892,Sahil Jain,customer0892@example.com,Pune,Maharashtra,Female,2024-02-29
893,Aditya Jain,customer0893@example.com,Meerut,Uttar Pradesh,Female,2024-08-20
894,Vivaan Yadav,customer0894@example.com,Kanpur,Uttar Pradesh,Female,2024-08-07
895,Rohan Gupta,customer0895@example.com,Mumbai,Maharashtra,Male,2024-03-01
896,Riya Ansari,customer0896@example.com,Jaipur,Rajasthan,Female,2023-06-24
897,Arjun Khan,customer0897@example.com,Noida,Uttar Pradesh,Female,2024-01-09
898,Kunal Yadav,customer0898@example.com,Mumbai,Maharashtra,Other,2024-10-01
899,Sahil Chaudhary,customer0899@example.com,Hyderabad,Telangana,Female,2023-05-02
900,Ananya Sharma,customer0900@example.com,Patna,Bihar,Female,2023-10-15
901,Sneha Malik,customer0901@example.com,Kanpur,Uttar Pradesh,Male,2024-01-24
902,Isha Srivastava,customer0902@example.com,Ahmedabad,Gujarat,Male,2024-06-01
903,Ananya Chaudhary,customer0903@example.com,Pune,Maharashtra,Male,2023-06-17
904,Aisha Saxena,customer0904@example.com,Indore,Madhya Pradesh,Male,2024-12-10
905,Rahul Khan,customer0905@example.com,Indore,Madhya Pradesh,Female,2023-04-12
906,Meera Khan,customer0906@example.com,Pune,Maharashtra,Other,2024-01-03
907,Mohit Sharma,customer0907@example.com,Lucknow,Uttar Pradesh,Female,2024-02-11
908,Pooja Srivastava,customer0908@example.com,Kolkata,West Bengal,Male,2023-09-17
909,Mohit Gupta,customer0909@example.com,Kolkata,West Bengal,Female,2024-06-24
910,Rahul Gupta,customer0910@example.com,Hyderabad,Telangana,Female,2023-10-15
911,Sneha Sharma,customer0911@example.com,Rampur,Uttar Pradesh,Female,2023-08-07
912,Aarav Yadav,customer0912@example.com,Ahmedabad,Gujarat,Male,2023-07-18
913,Riya Gupta,customer0913@example.com,Mumbai,Maharashtra,Female,2024-01-22
914,Vivaan Agarwal,customer0914@example.com,Chandigarh,Chandigarh,Female,2023-03-09
915,Ananya Gupta,customer0915@example.com,Chennai,Tamil Nadu,Male,2024-07-12
916,Sahil Ansari,customer0916@example.com,Hyderabad,Telangana,Male,2023-05-31
917,Riya Jain,customer0917@example.com,Chandigarh,Chandigarh,Male,2023-01-25
918,Aarav Malik,customer0918@example.com,Gurugram,Haryana,Male,2024-09-03
919,Aisha Chaudhary,customer0919@example.com,Lucknow,Uttar Pradesh,Female,2024-08-05
920,Ananya Malik,customer0920@example.com,Gurugram,Haryana,Female,2024-05-07
921,Mohit Saxena,customer0921@example.com,Meerut,Uttar Pradesh,Male,2024-11-01
922,Aisha Singh,customer0922@example.com,Delhi,Delhi,Female,2023-02-22
923,Ananya Mishra,customer0923@example.com,Mumbai,Maharashtra,Female,2024-05-08
924,Simran Tiwari,customer0924@example.com,Kolkata,West Bengal,Female,2023-04-29
925,Kabir Chaudhary,customer0925@example.com,Hyderabad,Telangana,Female,2023-02-05
926,Priya Yadav,customer0926@example.com,Kanpur,Uttar Pradesh,Female,2024-04-18
927,Aditya Khan,customer0927@example.com,Gurugram,Haryana,Male,2023-04-09
928,Riya Verma,customer0928@example.com,Mumbai,Maharashtra,Male,2024-04-10
929,Rahul Khan,customer0929@example.com,Meerut,Uttar Pradesh,Female,2024-05-20
930,Isha Agarwal,customer0930@example.com,Ahmedabad,Gujarat,Male,2024-11-13
931,Ananya Srivastava,customer0931@example.com,Rampur,Uttar Pradesh,Female,2023-02-24
932,Kabir Tiwari,customer0932@example.com,Indore,Madhya Pradesh,Female,2024-09-10
933,Ananya Saxena,customer0933@example.com,Bhopal,Madhya Pradesh,Female,2023-09-15
934,Riya Ansari,customer0934@example.com,Pune,Maharashtra,Female,2024-12-29
935,Priya Sharma,customer0935@example.com,Noida,Uttar Pradesh,Male,2024-03-10
936,Rohan Khan,customer0936@example.com,Surat,Gujarat,Female,2023-08-29
937,Riya Gupta,customer0937@example.com,Patna,Bihar,Male,2023-05-01
938,Kabir Chaudhary,customer0938@example.com,Chennai,Tamil Nadu,Male,2024-05-21
939,Mohit Sharma,customer0939@example.com,Noida,Uttar Pradesh,Male,2024-02-12
940,Riya Agarwal,customer0940@example.com,Kolkata,West Bengal,Female,2023-11-14
941,Riya Singh,customer0941@example.com,Kanpur,Uttar Pradesh,Male,2024-05-10
942,Sneha Tiwari,customer0942@example.com,Chandigarh,Chandigarh,Female,2024-12-16
943,Vivaan Mishra,customer0943@example.com,Chennai,Tamil Nadu,Female,2023-06-10
944,Ananya Ansari,customer0944@example.com,Bengaluru,Karnataka,Male,2023-06-12
945,Ananya Mishra,customer0945@example.com,Chennai,Tamil Nadu,Female,2024-08-26
946,Kunal Saxena,customer0946@example.com,Chandigarh,Chandigarh,Male,2024-04-19
947,Ananya Yadav,customer0947@example.com,Surat,Gujarat,Female,2023-02-03
948,Kunal Mishra,customer0948@example.com,Gurugram,Haryana,Male,2023-11-16
949,Riya Khan,customer0949@example.com,Jaipur,Rajasthan,Male,2024-03-05
950,Aisha Sharma,customer0950@example.com,Mumbai,Maharashtra,Male,2024-07-14
951,Priya Yadav,customer0951@example.com,Kolkata,West Bengal,Female,2023-11-11
952,Mohit Singh,customer0952@example.com,Gurugram,Haryana,Female,2024-07-07
953,Sahil Saxena,customer0953@example.com,Chandigarh,Chandigarh,Female,2023-11-12
954,Aarav Mishra,customer0954@example.com,Chandigarh,Chandigarh,Female,2023-10-30
955,Kabir Singh,customer0955@example.com,Gurugram,Haryana,Male,2023-03-18
956,Simran Verma,customer0956@example.com,Indore,Madhya Pradesh,Female,2023-10-27
957,Rohan Chaudhary,customer0957@example.com,Chennai,Tamil Nadu,Female,2023-01-27
958,Sneha Mishra,customer0958@example.com,Delhi,Delhi,Male,2023-01-15
959,Pooja Verma,customer0959@example.com,Bhopal,Madhya Pradesh,Male,2023-06-08
960,Aditya Mishra,customer0960@example.com,Pune,Maharashtra,Male,2024-01-22
961,Aditya Gupta,customer0961@example.com,Hyderabad,Telangana,Female,2023-03-10
962,Rahul Singh,customer0962@example.com,Noida,Uttar Pradesh,Male,2024-02-05
963,Mohit Sharma,customer0963@example.com,Noida,Uttar Pradesh,Male,2024-11-18
964,Isha Verma,customer0964@example.com,Hyderabad,Telangana,Other,2023-04-17
965,Aisha Saxena,customer0965@example.com,Surat,Gujarat,Other,2024-03-21
966,Isha Verma,customer0966@example.com,Jaipur,Rajasthan,Male,2024-12-12
967,Sneha Saxena,customer0967@example.com,Ahmedabad,Gujarat,Male,2023-11-03
968,Mohit Chaudhary,customer0968@example.com,Pune,Maharashtra,Other,2023-04-19
969,Sahil Yadav,customer0969@example.com,Kanpur,Uttar Pradesh,Other,2024-04-18
970,Aisha Sharma,customer0970@example.com,Lucknow,Uttar Pradesh,Female,2024-11-04
971,Priya Malik,customer0971@example.com,Bhopal,Madhya Pradesh,Female,2023-04-19
972,Arjun Malik,customer0972@example.com,Bengaluru,Karnataka,Male,2023-11-30
973,Simran Khan,customer0973@example.com,Kolkata,West Bengal,Male,2024-09-15
974,Rohan Malik,customer0974@example.com,Meerut,Uttar Pradesh,Male,2024-12-30
975,Sneha Gupta,customer0975@example.com,Bengaluru,Karnataka,Male,2024-05-07
976,Arjun Agarwal,customer0976@example.com,Kolkata,West Bengal,Female,2024-05-14
977,Sahil Yadav,customer0977@example.com,Pune,Maharashtra,Female,2024-05-24
978,Aisha Khan,customer0978@example.com,Patna,Bihar,Female,2024-02-16
979,Pooja Malik,customer0979@example.com,Meerut,Uttar Pradesh,Male,2023-12-11
980,Isha Verma,customer0980@example.com,Patna,Bihar,Male,2023-06-28
981,Arjun Tiwari,customer0981@example.com,Indore,Madhya Pradesh,Female,2023-06-12
982,Meera Gupta,customer0982@example.com,Kanpur,Uttar Pradesh,Male,2023-07-27
983,Aditya Singh,customer0983@example.com,Gurugram,Haryana,Female,2024-08-05
984,Priya Chaudhary,customer0984@example.com,Patna,Bihar,Female,2023-04-23
985,Arjun Gupta,customer0985@example.com,Noida,Uttar Pradesh,Female,2024-10-28
986,Arjun Yadav,customer0986@example.com,Kanpur,Uttar Pradesh,Male,2023-04-25
987,Rahul Khan,customer0987@example.com,Kanpur,Uttar Pradesh,Female,2024-10-29
988,Neha Tiwari,customer0988@example.com,Patna,Bihar,Female,2023-03-15
989,Aditya Khan,customer0989@example.com,Patna,Bihar,Male,2024-02-01
990,Simran Singh,customer0990@example.com,Hyderabad,Telangana,Male,2024-02-23
991,Rohan Jain,customer0991@example.com,Hyderabad,Telangana,Male,2024-04-20
992,Rohan Chaudhary,customer0992@example.com,Patna,Bihar,Female,2024-01-05
993,Arjun Saxena,customer0993@example.com,Kanpur,Uttar Pradesh,Female,2024-06-02
994,Priya Chaudhary,customer0994@example.com,Hyderabad,Telangana,Male,2024-03-23
995,Isha Verma,customer0995@example.com,Rampur,Uttar Pradesh,Male,2024-03-18
996,Isha Khan,customer0996@example.com,Noida,Uttar Pradesh,Female,2023-02-14
997,Pooja Gupta,customer0997@example.com,Chennai,Tamil Nadu,Female,2024-03-21
998,Pooja Srivastava,customer0998@example.com,Bengaluru,Karnataka,Female,2023-08-14
999,Sneha Agarwal,customer0999@example.com,Delhi,Delhi,Female,2023-12-12
1000,Aditya Khan,customer1000@example.com,Bhopal,Madhya Pradesh,Male,2024-12-15
1001,Priya Srivastava,customer1001@example.com,Surat,Gujarat,Male,2024-03-09
1002,Rohan Ansari,customer1002@example.com,Mumbai,Maharashtra,Female,2023-03-03
1003,Neha Agarwal,customer1003@example.com,Gurugram,Haryana,Male,2023-03-22
1004,Riya Ansari,customer1004@example.com,Kolkata,West Bengal,Female,2023-08-02
1005,Sahil Ansari,customer1005@example.com,Lucknow,Uttar Pradesh,Male,2024-05-24
1006,Sneha Malik,customer1006@example.com,Meerut,Uttar Pradesh,Male,2024-11-23
1007,Aisha Singh,customer1007@example.com,Lucknow,Uttar Pradesh,Male,2023-06-21
1008,Kunal Ansari,customer1008@example.com,Ahmedabad,Gujarat,Female,2023-12-13
1009,Arjun Singh,customer1009@example.com,Lucknow,Uttar Pradesh,Male,2023-04-14
1010,Simran Srivastava,customer1010@example.com,Delhi,Delhi,Male,2024-03-15
1011,Sahil Ansari,customer1011@example.com,Jaipur,Rajasthan,Male,2023-02-17
1012,Kunal Khan,customer1012@example.com,Bengaluru,Karnataka,Female,2024-12-20
1013,Isha Saxena,customer1013@example.com,Patna,Bihar,Male,2023-01-04
1014,Aisha Saxena,customer1014@example.com,Bhopal,Madhya Pradesh,Female,2023-10-05
1015,Neha Ansari,customer1015@example.com,Lucknow,Uttar Pradesh,Female,2023-11-23
1016,Kabir Tiwari,customer1016@example.com,Hyderabad,Telangana,Female,2023-12-03
1017,Neha Chaudhary,customer1017@example.com,Meerut,Uttar Pradesh,Female,2023-07-01
1018,Sahil Verma,customer1018@example.com,Indore,Madhya Pradesh,Female,2024-04-18
1019,Priya Saxena,customer1019@example.com,Bhopal,Madhya Pradesh,Female,2023-12-28
1020,Arjun Gupta,customer1020@example.com,Indore,Madhya Pradesh,Male,2023-06-07
1021,Kabir Agarwal,customer1021@example.com,Indore,Madhya Pradesh,Male,2023-11-19
1022,Arjun Chaudhary,customer1022@example.com,Pune,Maharashtra,Male,2023-09-30
1023,Pooja Mishra,customer1023@example.com,Kanpur,Uttar Pradesh,Female,2023-05-13
1024,Vivaan Mishra,customer1024@example.com,Pune,Maharashtra,Other,2023-01-12
1025,Vivaan Srivastava,customer1025@example.com,Gurugram,Haryana,Female,2024-06-12
1026,Aarav Chaudhary,customer1026@example.com,Kanpur,Uttar Pradesh,Female,2023-09-04
1027,Vivaan Saxena,customer1027@example.com,Meerut,Uttar Pradesh,Male,2023-07-15
1028,Kabir Verma,customer1028@example.com,Chennai,Tamil Nadu,Female,2024-04-26
1029,Simran Ansari,customer1029@example.com,Gurugram,Haryana,Male,2023-08-19
1030,Sahil Mishra,customer1030@example.com,Rampur,Uttar Pradesh,Female,2024-02-04
1031,Kunal Chaudhary,customer1031@example.com,Hyderabad,Telangana,Female,2024-10-30
1032,Kunal Tiwari,customer1032@example.com,Bengaluru,Karnataka,Male,2023-12-06
1033,Rohan Verma,customer1033@example.com,Pune,Maharashtra,Male,2023-10-12
1034,Arjun Gupta,customer1034@example.com,Patna,Bihar,Male,2024-11-26
1035,Vivaan Tiwari,customer1035@example.com,Rampur,Uttar Pradesh,Female,2024-07-09
1036,Vivaan Malik,customer1036@example.com,Ahmedabad,Gujarat,Female,2023-08-30
1037,Mohit Gupta,customer1037@example.com,Delhi,Delhi,Male,2024-11-15
1038,Neha Khan,customer1038@example.com,Jaipur,Rajasthan,Female,2024-06-03
1039,Aarav Mishra,customer1039@example.com,Noida,Uttar Pradesh,Male,2024-04-06
1040,Riya Malik,customer1040@example.com,Indore,Madhya Pradesh,Male,2023-07-17
1041,Neha Gupta,customer1041@example.com,Patna,Bihar,Male,2023-08-31
1042,Riya Mishra,customer1042@example.com,Mumbai,Maharashtra,Male,2023-05-20
1043,Rohan Agarwal,customer1043@example.com,Kolkata,West Bengal,Female,2023-04-05
1044,Isha Tiwari,customer1044@example.com,Bengaluru,Karnataka,Female,2023-11-08
1045,Ananya Verma,customer1045@example.com,Kanpur,Uttar Pradesh,Female,2023-02-01
1046,Ananya Ansari,customer1046@example.com,Ahmedabad,Gujarat,Male,2024-09-07
1047,Vivaan Ansari,customer1047@example.com,Delhi,Delhi,Male,2023-10-02
1048,Aisha Gupta,customer1048@example.com,Noida,Uttar Pradesh,Male,2024-12-28
1049,Rohan Srivastava,customer1049@example.com,Lucknow,Uttar Pradesh,Female,2024-04-11
1050,Vivaan Malik,customer1050@example.com,Bengaluru,Karnataka,Male,2024-09-18
1051,Rahul Sharma,customer1051@example.com,Hyderabad,Telangana,Male,2024-03-12
1052,Simran Verma,customer1052@example.com,Jaipur,Rajasthan,Male,2023-05-16
1053,Aarav Verma,customer1053@example.com,Bhopal,Madhya Pradesh,Female,2023-02-11
1054,Sahil Singh,customer1054@example.com,Meerut,Uttar Pradesh,Other,2024-12-18
1055,Pooja Gupta,customer1055@example.com,Mumbai,Maharashtra,Female,2024-06-05
1056,Vivaan Malik,customer1056@example.com,Chennai,Tamil Nadu,Male,2023-03-12
1057,Ananya Verma,customer1057@example.com,Indore,Madhya Pradesh,Other,2024-03-17
1058,Neha Malik,customer1058@example.com,Hyderabad,Telangana,Other,2024-06-02
1059,Sahil Malik,customer1059@example.com,Pune,Maharashtra,Female,2023-01-30
1060,Isha Yadav,customer1060@example.com,Kanpur,Uttar Pradesh,Female,2023-01-04
1061,Priya Tiwari,customer1061@example.com,Meerut,Uttar Pradesh,Female,2023-07-07
1062,Simran Gupta,customer1062@example.com,Delhi,Delhi,Male,2023-02-12
1063,Pooja Malik,customer1063@example.com,Bengaluru,Karnataka,Male,2024-09-22
1064,Aisha Singh,customer1064@example.com,Kolkata,West Bengal,Male,2023-05-23
1065,Kabir Agarwal,customer1065@example.com,Noida,Uttar Pradesh,Female,2024-05-25
1066,Riya Yadav,customer1066@example.com,Kolkata,West Bengal,Male,2024-02-10
1067,Aisha Gupta,customer1067@example.com,Ahmedabad,Gujarat,Female,2024-11-11
1068,Rahul Chaudhary,customer1068@example.com,Indore,Madhya Pradesh,Female,2024-10-31
1069,Ananya Chaudhary,customer1069@example.com,Indore,Madhya Pradesh,Male,2023-11-01
1070,Kabir Sharma,customer1070@example.com,Chennai,Tamil Nadu,Male,2023-03-21
1071,Priya Yadav,customer1071@example.com,Hyderabad,Telangana,Female,2024-05-26
1072,Meera Agarwal,customer1072@example.com,Kanpur,Uttar Pradesh,Female,2023-04-17
1073,Rohan Yadav,customer1073@example.com,Surat,Gujarat,Male,2023-01-10
1074,Vivaan Singh,customer1074@example.com,Indore,Madhya Pradesh,Female,2023-07-20
1075,Aarav Ansari,customer1075@example.com,Kolkata,West Bengal,Male,2024-05-22
1076,Riya Srivastava,customer1076@example.com,Chandigarh,Chandigarh,Male,2024-05-09
1077,Rohan Saxena,customer1077@example.com,Pune,Maharashtra,Male,2023-12-19
1078,Kabir Verma,customer1078@example.com,Bengaluru,Karnataka,Male,2024-01-14
1079,Ananya Gupta,customer1079@example.com,Delhi,Delhi,Female,2023-04-07
1080,Kabir Singh,customer1080@example.com,Chennai,Tamil Nadu,Male,2023-09-17
1081,Neha Chaudhary,customer1081@example.com,Patna,Bihar,Female,2024-02-15
1082,Riya Singh,customer1082@example.com,Bengaluru,Karnataka,Female,2023-03-25
1083,Rohan Yadav,customer1083@example.com,Kolkata,West Bengal,Female,2024-08-08
1084,Rahul Jain,customer1084@example.com,Bengaluru,Karnataka,Female,2024-12-10
1085,Mohit Singh,customer1085@example.com,Patna,Bihar,Male,2023-12-23
1086,Rohan Srivastava,customer1086@example.com,Mumbai,Maharashtra,Male,2023-03-16
1087,Rohan Agarwal,customer1087@example.com,Hyderabad,Telangana,Male,2023-02-01
1088,Arjun Malik,customer1088@example.com,Kolkata,West Bengal,Male,2023-02-22
1089,Simran Yadav,customer1089@example.com,Mumbai,Maharashtra,Male,2023-06-16
1090,Meera Ansari,customer1090@example.com,Pune,Maharashtra,Male,2024-11-25
1091,Pooja Tiwari,customer1091@example.com,Pune,Maharashtra,Female,2024-03-10
1092,Neha Malik,customer1092@example.com,Ahmedabad,Gujarat,Female,2024-05-29
1093,Arjun Jain,customer1093@example.com,Lucknow,Uttar Pradesh,Male,2024-01-25
1094,Meera Verma,customer1094@example.com,Surat,Gujarat,Male,2024-04-30
1095,Aarav Singh,customer1095@example.com,Bengaluru,Karnataka,Male,2023-03-10
1096,Simran Saxena,customer1096@example.com,Delhi,Delhi,Male,2024-04-03
1097,Aarav Verma,customer1097@example.com,Bengaluru,Karnataka,Male,2023-11-13
1098,Priya Malik,customer1098@example.com,Rampur,Uttar Pradesh,Female,2024-02-27
1099,Kabir Jain,customer1099@example.com,Delhi,Delhi,Female,2024-12-06
1100,Meera Jain,customer1100@example.com,Bhopal,Madhya Pradesh,Male,2023-12-16
1101,Aditya Tiwari,customer1101@example.com,Noida,Uttar Pradesh,Male,2023-08-21
1102,Sneha Tiwari,customer1102@example.com,Mumbai,Maharashtra,Male,2024-06-08
1103,Pooja Sharma,customer1103@example.com,Chennai,Tamil Nadu,Female,2023-01-19
1104,Rahul Verma,customer1104@example.com,Bengaluru,Karnataka,Female,2024-11-12
1105,Ananya Agarwal,customer1105@example.com,Meerut,Uttar Pradesh,Male,2024-03-26
1106,Sahil Sharma,customer1106@example.com,Hyderabad,Telangana,Male,2024-06-22
1107,Vivaan Verma,customer1107@example.com,Meerut,Uttar Pradesh,Male,2023-08-16
1108,Meera Mishra,customer1108@example.com,Meerut,Uttar Pradesh,Female,2024-05-31
1109,Aisha Saxena,customer1109@example.com,Chennai,Tamil Nadu,Male,2024-09-10
1110,Vivaan Srivastava,customer1110@example.com,Bhopal,Madhya Pradesh,Male,2024-01-05
1111,Vivaan Tiwari,customer1111@example.com,Noida,Uttar Pradesh,Male,2023-07-20
1112,Vivaan Khan,customer1112@example.com,Noida,Uttar Pradesh,Male,2023-09-25
1113,Rahul Jain,customer1113@example.com,Ahmedabad,Gujarat,Male,2024-10-06
1114,Pooja Jain,customer1114@example.com,Hyderabad,Telangana,Female,2023-09-06
1115,Kunal Gupta,customer1115@example.com,Hyderabad,Telangana,Female,2023-03-17
1116,Sahil Malik,customer1116@example.com,Indore,Madhya Pradesh,Female,2024-08-03
1117,Sneha Ansari,customer1117@example.com,Pune,Maharashtra,Male,2023-10-14
1118,Ananya Verma,customer1118@example.com,Bhopal,Madhya Pradesh,Male,2023-01-29
1119,Kabir Jain,customer1119@example.com,Kolkata,West Bengal,Female,2023-09-18
1120,Pooja Jain,customer1120@example.com,Ahmedabad,Gujarat,Female,2024-05-09
1121,Sneha Singh,customer1121@example.com,Hyderabad,Telangana,Female,2023-09-10
1122,Sneha Agarwal,customer1122@example.com,Bengaluru,Karnataka,Male,2023-08-18
1123,Aisha Malik,customer1123@example.com,Pune,Maharashtra,Male,2024-04-17
1124,Kunal Mishra,customer1124@example.com,Delhi,Delhi,Male,2024-10-13
1125,Sneha Srivastava,customer1125@example.com,Delhi,Delhi,Female,2023-04-30
1126,Isha Mishra,customer1126@example.com,Surat,Gujarat,Female,2023-01-08
1127,Ananya Mishra,customer1127@example.com,Kolkata,West Bengal,Male,2024-11-27
1128,Aditya Srivastava,customer1128@example.com,Noida,Uttar Pradesh,Female,2024-11-04
1129,Ananya Khan,customer1129@example.com,Ahmedabad,Gujarat,Female,2024-05-15
1130,Pooja Tiwari,customer1130@example.com,Gurugram,Haryana,Male,2023-11-17
1131,Sneha Gupta,customer1131@example.com,Jaipur,Rajasthan,Other,2024-05-25
1132,Priya Sharma,customer1132@example.com,Chennai,Tamil Nadu,Female,2024-06-24
1133,Sneha Verma,customer1133@example.com,Rampur,Uttar Pradesh,Female,2023-03-22
1134,Sahil Saxena,customer1134@example.com,Bhopal,Madhya Pradesh,Female,2023-02-20
1135,Mohit Jain,customer1135@example.com,Noida,Uttar Pradesh,Female,2024-10-24
1136,Simran Srivastava,customer1136@example.com,Lucknow,Uttar Pradesh,Male,2024-01-12
1137,Sneha Jain,customer1137@example.com,Rampur,Uttar Pradesh,Female,2023-03-15
1138,Meera Gupta,customer1138@example.com,Gurugram,Haryana,Male,2024-01-09
1139,Sahil Singh,customer1139@example.com,Surat,Gujarat,Female,2023-06-19
1140,Vivaan Ansari,customer1140@example.com,Rampur,Uttar Pradesh,Female,2023-02-11
1141,Rohan Srivastava,customer1141@example.com,Noida,Uttar Pradesh,Female,2023-09-07
1142,Aditya Mishra,customer1142@example.com,Pune,Maharashtra,Female,2023-04-23
1143,Neha Verma,customer1143@example.com,Bhopal,Madhya Pradesh,Female,2024-10-03
1144,Mohit Srivastava,customer1144@example.com,Rampur,Uttar Pradesh,Female,2024-02-15
1145,Pooja Tiwari,customer1145@example.com,Lucknow,Uttar Pradesh,Male,2023-06-30
1146,Arjun Agarwal,customer1146@example.com,Chandigarh,Chandigarh,Male,2023-08-29
1147,Mohit Sharma,customer1147@example.com,Ahmedabad,Gujarat,Male,2024-03-11
1148,Riya Gupta,customer1148@example.com,Delhi,Delhi,Male,2023-01-30
1149,Aditya Chaudhary,customer1149@example.com,Bengaluru,Karnataka,Female,2023-09-03
1150,Neha Ansari,customer1150@example.com,Kolkata,West Bengal,Female,2023-08-28
1151,Aarav Malik,customer1151@example.com,Indore,Madhya Pradesh,Male,2024-02-13
1152,Aarav Sharma,customer1152@example.com,Hyderabad,Telangana,Female,2024-12-24
1153,Rohan Tiwari,customer1153@example.com,Hyderabad,Telangana,Male,2024-10-20
1154,Vivaan Ansari,customer1154@example.com,Kolkata,West Bengal,Female,2023-11-26
1155,Rahul Sharma,customer1155@example.com,Jaipur,Rajasthan,Female,2023-07-30
1156,Vivaan Ansari,customer1156@example.com,Mumbai,Maharashtra,Male,2024-03-28
1157,Sahil Singh,customer1157@example.com,Meerut,Uttar Pradesh,Male,2024-12-06
1158,Ananya Mishra,customer1158@example.com,Meerut,Uttar Pradesh,Male,2024-02-08
1159,Kunal Agarwal,customer1159@example.com,Kanpur,Uttar Pradesh,Female,2023-11-12
1160,Mohit Chaudhary,customer1160@example.com,Hyderabad,Telangana,Female,2024-11-11
1161,Rohan Mishra,customer1161@example.com,Pune,Maharashtra,Female,2024-05-29
1162,Pooja Agarwal,customer1162@example.com,Gurugram,Haryana,Female,2024-05-25
1163,Kabir Malik,customer1163@example.com,Pune,Maharashtra,Male,2024-06-28
1164,Priya Jain,customer1164@example.com,Kolkata,West Bengal,Male,2024-03-05
1165,Meera Srivastava,customer1165@example.com,Gurugram,Haryana,Male,2024-03-21
1166,Aisha Srivastava,customer1166@example.com,Chennai,Tamil Nadu,Female,2024-06-07
1167,Rahul Yadav,customer1167@example.com,Lucknow,Uttar Pradesh,Male,2024-09-15
1168,Meera Agarwal,customer1168@example.com,Jaipur,Rajasthan,Female,2023-01-01
1169,Meera Malik,customer1169@example.com,Delhi,Delhi,Female,2024-02-18
1170,Mohit Srivastava,customer1170@example.com,Surat,Gujarat,Male,2024-05-12
1171,Ananya Tiwari,customer1171@example.com,Surat,Gujarat,Other,2024-05-31
1172,Kabir Tiwari,customer1172@example.com,Lucknow,Uttar Pradesh,Female,2024-11-01
1173,Pooja Saxena,customer1173@example.com,Indore,Madhya Pradesh,Female,2023-05-06
1174,Simran Ansari,customer1174@example.com,Gurugram,Haryana,Female,2024-01-16
1175,Simran Verma,customer1175@example.com,Ahmedabad,Gujarat,Female,2023-10-06
1176,Meera Mishra,customer1176@example.com,Kanpur,Uttar Pradesh,Male,2023-03-21
1177,Kunal Srivastava,customer1177@example.com,Chandigarh,Chandigarh,Male,2023-12-20
1178,Meera Sharma,customer1178@example.com,Delhi,Delhi,Male,2023-12-12
1179,Priya Malik,customer1179@example.com,Kolkata,West Bengal,Male,2024-08-03
1180,Isha Agarwal,customer1180@example.com,Indore,Madhya Pradesh,Male,2023-04-23
1181,Rahul Chaudhary,customer1181@example.com,Rampur,Uttar Pradesh,Female,2024-02-02
1182,Mohit Khan,customer1182@example.com,Bengaluru,Karnataka,Male,2023-08-29
1183,Mohit Jain,customer1183@example.com,Chandigarh,Chandigarh,Male,2024-12-29
1184,Kabir Srivastava,customer1184@example.com,Noida,Uttar Pradesh,Female,2024-09-22
1185,Rohan Yadav,customer1185@example.com,Bengaluru,Karnataka,Male,2024-01-15
1186,Aarav Ansari,customer1186@example.com,Patna,Bihar,Female,2023-12-30
1187,Ananya Saxena,customer1187@example.com,Lucknow,Uttar Pradesh,Female,2024-01-11
1188,Priya Jain,customer1188@example.com,Mumbai,Maharashtra,Male,2024-10-22
1189,Rohan Tiwari,customer1189@example.com,Pune,Maharashtra,Female,2024-08-15
1190,Aarav Jain,customer1190@example.com,Ahmedabad,Gujarat,Male,2024-09-03
1191,Arjun Ansari,customer1191@example.com,Chandigarh,Chandigarh,Male,2023-04-13
1192,Sneha Mishra,customer1192@example.com,Kolkata,West Bengal,Male,2023-08-24
1193,Aditya Srivastava,customer1193@example.com,Lucknow,Uttar Pradesh,Female,2023-07-07
1194,Arjun Verma,customer1194@example.com,Delhi,Delhi,Female,2024-07-12
1195,Priya Mishra,customer1195@example.com,Ahmedabad,Gujarat,Female,2024-06-11
1196,Sneha Srivastava,customer1196@example.com,Chandigarh,Chandigarh,Female,2023-10-13
1197,Isha Ansari,customer1197@example.com,Jaipur,Rajasthan,Female,2023-08-02
1198,Vivaan Singh,customer1198@example.com,Chennai,Tamil Nadu,Male,2024-08-11
1199,Rohan Sharma,customer1199@example.com,Noida,Uttar Pradesh,Female,2024-12-29
1200,Isha Chaudhary,customer1200@example.com,Pune,Maharashtra,Male,2024-11-25
